number,max_car_speed,driver_weight,engine_power,fuel_efficiency,fuel_tank_capacity
0,232.8632832,76.82200000000041,918.060000000009,90.36360489889536,36.160000000000494
1,205.53332360161065,74.4038426310654,917.3568288855344,90.06580989510398,19.4265967985621
2,258.10096719999996,63.6379999999988,923.0582815356568,92.18970961685264,14.46
3,249.19004536021941,74.13889486830051,920.5301734793933,95.49448025713757,12.742547353761802
4,236.8632832,47.2940000000028,921.1965630713021,94.53545742972021,76.74000000000049
5,233.98337540000003,79.4040000000042,915.3457038391284,88.67847302591656,33.9300000000003
6,239.58963242869945,74.0433043168624,915.653712120227,91.5850745809914,21.385656725201002
7,218.6462122,54.710000000002296,918.1339853747736,90.44120519370578,74.92000000000041
8,246.8831522,83.5820000000038,920.1531261426019,93.5510532647448,24.0300000000004
9,227.5766036,51.4979999999998,915.0922669104324,89.76314647363577,68.0500000000012
10,224.7646822,81.0360000000015,919.741407678247,91.5262948886773,32.1300000000002
11,214.03061460000004,48.71599999999761,915.7405484460795,92.66420462482556,79.0900000000002
12,205.013246,50.7839999999998,917.4996892139052,89.75068234554327,58.4300000000012
13,243.31067120000003,66.437999999998,920.9388299817264,94.51780525267515,27.9900000000002
14,201.67770499999986,90.4319999999983,911.127970749551,88.41393274972593,24.3699999999999
15,236.52914207369892,72.8652634902663,922.5202427167592,93.04540832188864,14.8017059629799
16,213.93039140000008,,918.036252285197,90.78080943062471,51.1899999999999
17,243.9065131091972,78.0189605808077,917.0706484430154,91.25618863745748,20.7556833217118
18,229.56998059999992,68.0820000000023,918.9645338208447,92.0798259790856,45.870000000000104
19,255.5716028,69.5759999999986,922.2136745886747,91.36246726766056,7.740000000000089
20,242.4523058061834,66.9643831163325,920.175077532764,88.92963695132272,14.649909361536
21,223.2883017999999,69.6760000000039,917.4219561243203,89.6827180935178,41.3400000000002
22,243.48744358739646,70.8187718944121,921.326722865484,92.62519467910307,17.2811611743065
23,213.605596,48.5700000000002,920.5602376599684,95.01070681845924,66.0
24,211.71971165867612,72.659572209907,922.0076073440559,94.50538812280956,16.3317156348226
25,250.0041226,51.66600000000511,918.2585191956157,89.67177337007399,47.030000000000285
26,232.7331894,53.892000000005595,914.7276599634407,92.18661063381208,90.9900000000004
27,231.75143619999986,81.6199999999991,915.1468007312683,91.02179802543287,43.89999999999989
28,220.92951319999997,44.1180000000011,916.095941499092,88.24056281742138,84.3900000000003
29,220.0885994,49.42800000000261,916.5750822669124,86.97921807012749,90.5800000000005
30,248.37777940000004,92.1120000000045,919.6242230347408,90.98318680632583,35.690000000000204
31,239.3777793999997,59.543999999998206,916.5633638025673,90.3698181250206,61.840000000000494
32,231.74231280000006,79.2260000000045,918.99250457039,91.34509104316122,31.9699999999999
33,235.04548279999992,67.91400000000249,918.6716453382124,91.62213973524868,14.5400000000001
34,218.18970080000008,62.8820000000033,923.9107861060347,93.24983608501648,14.260000000000401
35,242.86328319999984,86.0819999999984,917.6199268738634,88.52460090421812,29.84
36,243.63458839999984,57.995999999998595,912.9690676416907,91.02265603952488,55.57
37,229.7290667999998,65.1660000000004,915.0082084095154,88.00740320966284,39.9600000000004
38,223.0214912,53.360000000003204,915.007349177336,88.57061753464225,88.3500000000001
39,211.36718113263112,61.955341526425705,922.3264412272883,96.55414128944685,15.849563944732001
40,246.7886737999999,67.2200000000041,919.6656307129848,89.2678300519224,61.3200000000004
41,250.0454828000001,71.6660000000049,921.4647714808084,92.16200551691784,14.240000000000201
42,213.684328,50.55000000000121,921.8839122486348,93.87036208658476,49.5000000000002
43,206.86740579999991,66.6880000000009,915.2930530164612,90.60700449295177,49.3900000000004
44,248.87815140000006,72.8820000000038,924.6021937842808,95.05176576678808,13.5800000000003
45,222.84915899999984,70.65800000000159,914.9513345521153,89.35198675407813,48.7600000000013
46,231.50949539999988,66.6600000000002,918.3204753199336,89.23109377125894,69.1900000000004
47,245.59485040000007,89.1880000000049,916.4796160877563,90.6501334429443,14.8299999999999
48,230.0803542,69.3159999999995,920.6687568555847,93.56761148924735,20.52
49,235.81935448212985,71.03107041877391,924.1115744167392,95.90652249189823,17.8877443564376
50,212.32391719999998,66.8759999999985,922.3570383912338,92.64652573893456,15.3700000000001
51,219.9461378,78.9820000000042,919.0461791590564,92.98528438892168,29.0900000000004
52,215.9121446,76.3359999999992,922.835319926882,92.9061846095846,12.71
53,247.33468856082268,70.9214655643745,923.4128696533252,93.9963574530072,7.18736098454697
54,234.2690376249561,71.3305324254479,923.512151427308,94.48831073530347,18.7946470219898
55,239.80942100000007,47.014000000005595,916.9227422303494,90.38003130807607,41.8000000000001
56,224.01736859999997,46.6259999999999,923.0818829981768,93.44734054906021,80.23
57,214.3106712000001,70.9920000000037,920.5510237659984,92.63917032970707,39.950000000000294
58,213.81192140000007,77.7660000000047,919.6201645338267,90.80828657498651,23.2899999999998
59,211.5277421999997,64.3040000000023,916.7193053016573,88.85419771638911,62.250000000001
60,238.54348859999985,77.7779999999993,918.3484460694777,89.25956053328484,18.4899999999999
61,255.02973640000002,47.652000000004215,919.0975868372965,90.40568727594095,89.9300000000004
62,215.8384134,63.9880000000049,918.8067276051238,89.96085594977932,41.2400000000004
63,220.45151059999992,56.2580000000009,917.5958683729492,90.67771142799835,28.4300000000003
64,232.39102539999973,81.31400000000241,919.9950091407788,89.31532218687772,23.11000000000089
65,225.55673459999974,87.22799999999849,921.8841499085993,92.94320562652528,18.3200000000005
66,248.42164,63.7540000000012,922.6632906764228,93.57204177326248,14.7900000000002
67,268.9711832570105,70.3529883715582,926.2007028159012,91.57187627861708,11.4360292133466
68,229.63458839999973,73.3680000000021,918.2015722120788,90.5912135159298,37.820000000001
69,246.7893310566905,60.0364825100091,922.8369458604593,92.02263134973705,21.9874606722448
70,241.2062544882796,84.06433413137859,918.4024344798378,90.56803984067095,19.13732393185
71,242.2143138458635,60.1334991237811,925.7461202415254,95.20974345994804,18.064225624135602
72,224.9861783401909,75.51537627145241,921.4009586815146,94.4628731887682,8.28381281278995
73,228.2816787999997,56.5720000000006,917.4172760511965,89.71333526073934,54.50000000000061
74,239.6395892,57.978,923.4664168190207,90.62559163728888,39.1899999999999
75,219.3677778,56.491999999998505,920.7855575868472,91.60440194910394,64.88000000000011
76,231.00416098766289,77.7422008162634,922.7651532721907,91.51766974959801,14.228082161408501
77,236.5252418000001,40.138000000000794,922.3138391224924,91.32401103736204,16.4
78,223.16233059999985,71.25199999999941,916.93297989032,93.65614892271546,40.47
79,214.5028724,62.340000000000494,916.2921206581411,90.67130278841287,56.960000000000285
80,228.71994340000003,69.4440000000046,917.5312614259627,91.54096577256752,28.3900000000003
81,208.93451399999992,62.29799999999889,918.200402193792,92.93611491479489,41.4700000000001
82,238.40014879999998,52.550000000001496,926.4895429616147,92.10671284476601,52.05
83,227.270055,47.86200000000369,918.4286837294363,88.44778627832302,20.710000000000502
84,237.5674802,65.82399999999859,921.6978244972667,93.86663575603788,26.8900000000001
85,244.4225182,53.2880000000006,917.59696526509,89.16574663629768,63.44
86,203.82914005735825,88.6616297571622,918.0544116376727,90.27652940427863,23.408577938608108
87,228.57248099999973,77.0820000000022,922.1852468007422,93.06055574620146,19.9400000000009
88,257.2976171374237,71.38887310672959,916.7188233084747,87.81084747831444,12.698545982062699
89,233.30404819999995,69.1619999999991,919.8135283363913,89.7581367558385,55.07000000000111
90,239.48219381775002,75.8998777781229,919.7073603260867,90.2112593754192,20.2735402598881
91,245.05798479999987,86.8399999999994,916.1518098720352,89.1199175966877,42.22
92,220.7485263217765,76.0846394129743,919.6912867864016,92.7293092531854,16.478327778833197
93,217.38541278580126,50.970394613589896,922.2582212678122,93.34689835206171,21.865532431069607
94,223.09360019999986,83.3759999999983,914.1592321755096,91.43379554670656,26.93
95,212.20294680000006,57.8960000000035,928.4783729433293,94.9687845264388,14.0500000000004
96,242.89129467129143,72.0938479498513,922.7519921151236,92.66382098194711,19.5799148448939
97,255.84077960000002,44.1600000000004,922.4266544789856,91.99209376575995,18.38
98,236.38852499999987,53.63800000000422,917.4157952468048,89.78758995247203,78.51000000000009
99,207.2145706,48.67000000000071,922.2949360146292,92.39126847300587,35.18
100,206.83429079999985,79.5579999999985,919.8140767824568,88.66059846732489,56.92999999999989
101,242.97925279999998,79.47600000000409,920.4832175502812,91.6093092397907,18.7600000000004
102,245.61126679720002,63.5186601035228,920.3801750461818,92.07063763525964,15.4626111192344
103,238.44238720000004,57.53600000000221,922.4414990859273,92.122450450923,83.84
104,237.8238907910113,70.7237999490528,920.7240454834136,89.10029051237551,9.6644228970694
105,237.76468219999984,75.8679999999995,918.3597806215793,93.25686147772757,47.529999999999895
106,253.61221899999984,51.209999999998,915.9189213894044,91.51044118485625,65.6500000000001
107,215.7740790558044,73.68737310030089,919.1010294720633,90.46285256685451,22.392566384343095
108,208.5699806,76.1920000000011,921.3472029250487,94.8183929260087,17.5000000000001
109,214.06210739999992,64.5999999999994,924.6163436928791,92.32794122424886,20.04
110,252.45194855312957,51.5211101642601,923.7169251314535,96.29054851393751,22.189906777544397
111,,60.8199999999992,916.3046252285272,93.57028677344972,29.6900000000007
112,248.4291412,63.6540000000006,917.4737659963487,92.81701188983664,44.8
113,241.6685816,57.744,923.912906764176,89.33506142364072,48.029999999999895
114,250.48050299999997,48.1380000000033,916.142047531996,90.82605771543275,83.17000000000041
115,231.97513019999974,77.23600000000191,919.34118829983,90.80626765304592,43.370000000001106
116,206.03160678539848,70.1655206497228,920.6216617582828,90.00809949560524,16.6508528391516
117,227.5426760749628,83.24467790741221,918.4668192362503,89.63616340580606,17.3342962956434
118,214.7580592,69.9839999999982,919.2786106033008,90.51327667834644,29.8600000000001
119,243.4158952,53.17000000000011,916.2577513711259,90.07087199720438,64.5200000000012
120,207.27005499999973,80.1720000000025,921.7968921389518,94.75562675357023,28.180000000001197
121,239.78955199999984,77.0019999999995,921.6960329067732,93.28894085083256,16.6799999999999
122,213.01986900000009,75.7320000000046,919.4351736745937,89.52049771140982,33.809999999999796
123,247.8251674,66.74399999999929,921.304314442424,90.33915368878988,52.100000000000804
124,226.7580592,80.62800000000041,914.7434552102457,92.71014756314068,36.6900000000006
125,235.40238013360297,71.34564732903391,924.459891414764,90.52694304288195,19.0482657133107
126,244.83179040000002,76.03800000000399,918.8417367458935,90.32329604703851,48.8100000000004
127,240.92188913265358,58.1864731630524,924.4851229260704,92.22585873971244,19.6762614734107
128,232.19220119999974,89.84400000000221,917.2100182815477,91.3158324011504,26.940000000001
129,212.48399638360686,70.4526106296157,924.664201075356,91.92707529611879,17.4282746834402
130,201.9237684,80.9280000000046,917.6882998171916,91.36576205892516,49.7500000000003
131,219.26593239999988,67.8660000000042,919.1974405850133,89.02301928244066,70.4400000000001
132,248.4440093999999,75.7260000000006,917.4765813528447,89.33828305543133,29.090000000001197
133,205.07785380000007,74.2500000000037,920.82572212066,90.33083018199915,16.0300000000004
134,228.4352595526672,60.810237061403505,921.4264488802716,90.30266242125151,13.266997675004802
135,213.95276080000005,50.4160000000048,920.03400365631,89.4106077648195,47.7100000000002
136,239.01896733652484,68.8972904472465,922.8780440378584,94.89943904142685,16.0817817843342
137,222.131716,76.7519999999998,920.3322851919572,89.74900381098507,59.6899999999999
138,207.9461378,65.81400000000559,914.3214259597836,89.96302832566053,73.05000000000041
139,220.73350099966882,66.6182692196922,923.203865130308,96.1344884461285,15.8870804355165
140,220.15408539999987,78.4160000000002,918.4897074954376,89.28299405421784,45.6100000000004
141,254.165717543258,51.0021229721113,925.1204078810988,94.22566968862041,21.352585331654197
142,248.6736814670801,73.20382277880071,922.4842124904393,95.42596105891887,24.377439212350602
143,232.3794016,60.3080000000004,916.8671297989107,91.33188207354424,65.0400000000004
144,243.9527608,71.64800000000159,920.0862705667288,90.20863041818102,63.1000000000002
145,213.0646077999997,76.6880000000022,916.2954113345642,90.93651486617668,54.090000000001204
146,255.44865043657384,64.1280828331967,926.0574270672612,90.54636641537418,20.333697231666502
147,239.28830179999986,77.42400000000029,918.1336928702084,90.91149018329928,43.6300000000004
148,210.0712307999999,60.955999999999506,917.9028336380368,91.7115843440022,47.16000000000121
149,234.1988242,69.9200000000049,921.021974405854,91.00898421884294,22.720000000000105
150,211.42723629339199,58.532743754412095,924.5588978356247,93.87277501889677,14.586422813196199
151,208.9436374,55.5099999999984,917.930255941508,90.2042920173546,67.4600000000006
152,237.585727,81.9519999999998,918.6093967093246,90.61561851948562,44.2700000000001
153,206.5409882,60.0480000000008,921.2985374771533,91.22262830548208,23.5099999999999
154,245.8002976,56.5640000000033,923.1076782449755,92.69327627133724,22.9300000000004
155,248.9593838,53.054000000005104,920.6868190128,90.26473336531654,62.5800000000002
156,223.4969782925955,68.0685681125081,927.6033279402546,94.22111067358804,12.0546389736046
157,248.6486619877993,79.2506105283777,923.009215216392,93.00610254239572,19.100309404620106
158,218.8516594,59.454000000004996,919.7642413162724,90.07073109756651,22.8600000000003
159,203.16983180000003,58.53400000000529,917.1533820841008,88.5953490493442,74.9500000000001
160,217.5779923934246,75.1911562166277,922.9698309009406,92.00026492379995,13.839933323027699
161,221.23694,51.6599999999979,919.0716636197541,88.38902266647318,75.4200000000005
162,220.0778538,71.7180000000022,922.2508043875723,92.11626554877287,17.4000000000001
163,235.5030039866128,90.2397505643289,917.1867838876019,93.36929116474931,17.0223425133063
164,224.09360019999986,67.8860000000007,915.1990859232268,89.90930237316385,40.3700000000004
165,234.43976847018502,63.810763056161,922.7192926269091,92.14361796941999,7.443641852120099
166,228.88565260000001,61.3140000000022,922.4173674588684,92.10463996287235,55.7800000000004
167,255.0955933320715,68.2184616214231,920.240402625597,91.65944327112786,19.4708563146493
168,204.42770359673125,83.45133348687179,919.2418726126148,89.57277784500702,19.5284087140931
169,263.0521058,47.922000000000104,921.144789762346,93.04839787824857,88.7
170,222.2799224000001,57.9660000000034,927.5139305301664,92.05219108201548,19.680000000000398
171,230.10272359999973,81.94400000000259,920.5430712979995,91.93444542330015,37.250000000001
172,251.29904739999992,75.78600000000459,919.2722120658195,89.40143963146454,23.8000000000001
173,228.0341915835387,56.964697775050105,921.4844336983168,92.11419761576487,22.674964574258798
174,214.62296459999996,59.4060000000022,925.2004936014644,92.43711598784503,16.4500000000004
175,242.83429080000005,85.23600000000529,916.749634369294,90.41934841498336,31.6400000000003
176,236.59147180000002,57.6960000000023,923.7787751371153,93.93022775874704,22.41
177,221.34628659999973,,917.517915904944,90.09276403273864,46.5000000000005
178,210.6818276,63.925999999999,920.0270566727684,89.96386632116925,25.1100000000001
179,235.6928726045645,69.0600429854772,921.114124550068,90.00676785874741,11.541996921242399
180,248.02649199999973,55.22399999999829,917.7453382084177,91.02478406777658,61.120000000000495
181,209.2568089999997,76.3560000000025,917.2844789762461,94.03337062833849,48.98000000000121
182,230.7331894,65.25000000000111,920.6636197440623,87.57043864900294,41.2
183,226.08517034358897,86.28745579090342,918.4904338757193,90.36973005999182,15.0952326485202
184,220.9685072000001,86.3620000000054,916.6619012797134,90.13933818256056,35.52000000000029
185,211.0636003202086,78.0837052985861,920.5677868668672,90.64417365068545,9.449291931489249
186,246.2211936,72.0419999999998,918.2001828153577,93.48543059736004,52.9699999999998
187,241.6890839272008,60.863974057078714,923.897198756709,95.05671604064159,22.201543932297806
188,213.60147340000003,73.367999999997,924.2884643510146,93.72413384370205,19.6800000000003
189,236.0488614,58.5620000000012,925.867605118834,95.04607306311155,90.21
190,226.81854440000006,59.5060000000044,921.4767458866563,89.51801101016476,65.9600000000004
191,240.8507812,48.24600000000322,925.7958866544819,96.09241690870334,13.270000000000401
192,224.9121446,44.6200000000002,922.3450274223084,92.76707522910948,23.7500000000001
193,237.31067119999986,67.00200000000041,919.564168190136,90.87974038272066,52.5100000000004
194,252.66858159999973,49.739999999999,921.1333089579598,93.32910629249564,70.3200000000007
195,240.247383849784,75.1685781257863,920.1739474272273,89.68414470168207,18.272918351995802
196,204.0712307999999,50.80399999999829,913.4915904936124,90.87282451488704,54.3700000000006
197,219.9751301999999,79.433999999998,922.730731261433,92.64344393792769,14.61
198,254.14677771895242,61.2747979524099,924.5081040516674,92.32847305064782,19.606938265811202
199,221.44973501114868,64.81012419077919,924.7210751427775,92.65758289443886,21.8852355946208
200,248.1927702514643,53.6865027270193,922.2339484387854,93.59876423157412,22.0572434202487
201,237.31602568435952,67.0990871543035,926.2275208232048,94.32005702245873,16.9971454978659
202,245.4987498,53.666000000003,918.2464351005524,90.47600374908058,68.2600000000001
203,246.3056703999998,63.5100000000022,915.3755758683858,88.67702513602785,48.890000000001
204,235.7613036,44.36000000000351,909.8547166361992,86.69836772256674,92.1600000000005
205,246.61059680000008,86.27200000000471,919.523857404028,90.09833735696674,24.1699999999998
206,212.97012939999973,75.8939999999986,921.8829981718544,91.97045104216123,32.5100000000006
207,219.56335759999985,62.324000000000495,917.382138939679,89.79207936824095,53.230000000000494
208,223.7265664,66.1760000000058,924.7912797074974,95.75246098171164,58.8100000000001
209,210.03061460000004,68.00400000000461,920.2104204753232,91.69895801989195,18.750000000000398
210,231.88565259999973,83.1059999999982,920.0595612431523,90.67653799144578,19.5900000000005
211,248.66530328257218,77.05238781358129,920.238242593008,90.81176893489088,15.6848450063001
212,222.4763457739796,61.6071023050632,925.8230640906012,93.2263893993922,15.8627703693678
213,209.3727786000001,46.2840000000044,923.486983546621,92.06339951829487,68.2700000000004
214,209.9685406540028,82.6694449901754,922.5834512823054,94.37996266137085,16.622830077125197
215,241.55835679999998,46.4820000000037,919.2052650822701,92.15014353832242,51.5100000000004
216,253.9212679999999,64.69200000000029,920.8544058500984,87.8388695096051,44.29000000000031
217,245.7514362000001,42.6220000000039,925.5835466179178,91.85744042007708,56.2200000000003
218,255.0339001958855,49.6142841615046,923.1195507495444,92.99218496190608,19.0499738661503
219,224.6645540557459,63.5334964816241,923.6158894372627,90.55990063721896,13.1775456483126
220,229.4631496403347,71.92150084528191,925.7684360765772,94.22475986511093,18.6761617863425
221,235.61835696629143,77.2149877822087,921.056522465588,92.81750480406058,19.978612563439697
222,251.58572699999974,71.8100000000023,917.5292504570504,90.48901657034523,53.4400000000012
223,221.962250870402,82.4621999716894,919.8459307086397,91.18605354982832,19.8261885261026
224,250.2757998,42.46000000000029,920.7575319926964,91.3440667370573,89.4
225,222.14246159999985,81.50199999999958,918.366672760518,91.37633622355652,41.56999999999991
226,257.6254649999998,66.57200000000029,916.7658135283457,92.8039451080477,52.440000000000495
227,226.30404820000007,69.7760000000045,919.9349542961659,90.91686636752695,40.6499999999999
228,208.5860991324517,69.5192357016942,922.5650932108832,93.25222122208378,22.439345502230506
229,246.88315219999973,74.6440000000021,921.3732358318221,88.95755463617023,44.720000000001
230,245.16070840000003,59.2819999999996,917.7023765996353,88.3286144252004,71.8900000000001
231,219.66858159999995,78.874,921.0115173674589,89.28528100693035,35.7300000000001
232,246.1358386,74.3219999999997,919.5206581352834,91.47874349106159,52.400000000000105
233,232.71244219999997,64.87000000000221,923.7797989031108,91.24921191088684,20.8900000000004
234,258.20456899999994,71.31400000000241,917.7489396709374,90.5324036961878,12.7100000000001
235,252.14272100095852,71.55233655766959,917.984206196862,91.59089754825192,21.1739614639401
236,243.4556332,46.4760000000014,924.3372212065884,93.67239711884994,77.8699999999999
237,243.16580706163703,75.0922902050113,925.7185406131897,92.67384017122477,15.8736052535326
238,255.659020577022,65.9320805390367,923.6210128533963,93.06222477786758,18.3061227348927
239,222.6030956,61.398000000000295,923.0346435100627,92.32946869815245,14.87
240,239.82016660000005,51.9460000000049,922.2137842778824,94.65458358408978,71.65000000000009
241,236.5757254,65.40199999999851,923.5429250457128,92.34999845687244,17.7100000000006
242,256.5352820101772,79.22466242702329,918.7935697205563,94.33373542072431,22.784048115496397
243,237.849159,58.526000000001,924.5412065813568,91.1956027242826,91.16
244,218.36203299999988,66.96799999999828,919.3103473491884,89.39749782214706,51.9100000000006
245,250.62861152480042,69.2017896833632,922.2816306048818,92.16929294042299,22.166426029586702
246,244.97925279999995,42.83800000000021,922.7486288848345,92.17613661351456,61.05
247,220.7671826,76.3180000000044,918.7077696526567,88.37196966920278,41.1600000000002
248,240.0098674,47.3919999999987,917.6669104204857,92.11618641237123,51.1000000000009
249,236.6958176,62.090000000002,921.8260511883017,89.86824449977381,9.8200000000003
250,223.0993449999998,78.93000000000221,919.8851919561363,92.75978416458484,66.7100000000011
251,239.4026009700289,72.22350764874001,923.6856519517547,92.64347019291569,14.079357827974
252,248.67932719999973,71.6120000000025,919.8634734917854,88.11320767223559,37.5500000000011
253,214.46142471727526,76.72259406141409,926.2205351105348,92.96368321185983,18.3723432042073
254,221.23693999999983,76.4540000000004,920.4217550274296,92.6023063858764,36.910000000000096
255,243.04642215695395,74.2999115731544,921.9467809459078,88.7575404448527,17.465782592530598
256,214.0778538,70.63000000000041,916.4000365630792,92.73968721825622,54.1800000000005
257,214.8387163064656,84.3132874502265,917.6145677056938,89.16617687233473,20.3910500006025
258,240.94376453848201,66.1635702241293,925.4127511223622,94.48690878490524,17.7485778081108
259,247.2369399999997,77.57000000000241,917.1974588665556,90.77537852416746,53.840000000001204
260,228.19220119999991,92.4020000000038,919.0265996343763,91.44009196348135,14.080000000000501
261,217.98175319999996,86.5780000000033,921.8557404021996,90.77032726208893,26.5100000000005
262,216.6714230611505,59.380597854575214,925.9914879652482,93.17012901990464,16.4616853464459
263,218.98878506315629,74.2116702592407,917.5059233737787,90.4843540654108,21.793708968561692
264,236.144962,73.2859999999998,922.1231627056793,93.035195751063,8.45000000000115
265,225.2750558,70.3779999999981,919.3223034734987,88.53533612174273,29.47
266,243.56998060000006,68.4540000000043,926.2114442413183,93.05195954617166,17.7800000000004
267,240.30479219999998,64.08599999999889,925.2905850091487,93.21381618250292,14.4800000000001
268,244.4830034,62.540000000001,922.8497257769712,95.66560043781908,56.25000000000011
269,253.31898188085603,62.4333692233317,922.9866252523168,92.54594385746756,11.004595348449199
270,236.9970927915319,67.1163285668902,923.9291724849704,93.73361303042653,18.257953315846
271,212.46725700000005,67.3640000000057,926.2971480804407,94.95098373348974,26.9400000000001
272,234.50037200000003,49.7340000000023,918.2162888482665,90.48279014614971,87.29000000000048
273,217.6610804,51.3700000000051,919.6454296160916,90.43948055028757,63.2000000000002
274,248.76127696814808,51.310938890704,925.2587910432393,94.43191437574184,17.3199866063315
275,251.1061713374339,70.6195406743923,923.1457088328177,92.37316588628231,20.3677856559042
276,221.097945439975,89.71935990786129,919.5337026811612,89.0369212547741,16.489693469759
277,227.86990620000003,66.6000000000013,923.0119926873897,94.2473113435471,54.03000000000011
278,218.63046579999988,82.51199999999959,918.9411334552173,90.14079900304009,27.88
279,209.5053728000001,90.34200000000479,918.2602742230408,91.19021431517108,16.9699999999999
280,205.53436519999997,70.95400000000541,916.3594149908632,88.54948490212826,60.2000000000001
281,241.0422384000001,53.9820000000037,931.8885557586847,95.24290443621253,26.7000000000004
282,214.26903163263282,76.20858416019729,923.4536481770764,91.80506086292358,18.7898791264052
283,227.95688339999992,50.5320000000042,922.4268372943367,90.82279850815092,67.24000000000011
284,224.51152716586984,58.9947166813029,923.4985773253434,93.58414290211368,23.8715931768857
285,204.55576129131242,78.40805734485359,922.4673439970649,90.14116452858242,22.53383155299069
286,206.90780116396337,86.66416425742918,916.2475272748482,90.98795021799074,24.3725715504659
287,244.77792819999974,54.097999999999,916.1134003656388,89.10935851015051,53.6700000000005
288,238.1821996,49.2539999999973,915.8925411334624,88.28180454176191,88.56
289,253.4291412,55.7539999999967,921.1916819012898,90.02623459658241,68.3900000000005
290,256.2489663548485,68.3435908061662,924.2162650251904,93.81032505705805,17.9371004428329
291,242.25930939999992,55.8360000000015,920.9599634369299,91.39686946951441,51.07000000000011
292,245.6510736948996,84.452149551592,919.5369857161724,90.16857780916223,20.354711998073
293,208.3666098242615,79.0278834952158,920.4820185731627,89.59073593061693,20.594965594717802
294,218.9021686209089,76.9300744959892,919.1597739589482,93.43243272632398,21.9860427190313
295,245.96359576428043,74.24249064832871,923.0271223984469,92.47913394114565,16.6560076685915
296,205.57248099999995,52.0819999999987,918.8256672760623,89.09797611121581,60.5200000000006
297,239.467257,77.6160000000023,920.0148080438797,88.99348219683445,13.6200000000001
298,263.2085504717643,50.7421985311827,926.0058011165332,92.7425465672616,14.8851375291415
299,250.9685072,44.862000000003604,925.9430895795286,92.91584732484449,84.4700000000005
300,235.45151060000003,79.9180000000051,918.3422303473552,88.53700957230623,49.2900000000002
301,247.47387999999984,58.2179999999987,916.0913711151816,90.6680694771007,64.01
302,228.15408540000004,62.5740000000002,919.510511883006,91.54151951984606,47.1500000000003
303,209.7265664,54.0800000000041,921.359652650826,91.46613257567651,77.9400000000005
304,213.38821970019046,65.60195396401939,922.355130040822,90.01541364839842,16.3568688334306
305,240.07947599999997,60.426000000001295,918.8879341864777,92.26335775530822,67.4100000000003
306,241.19220119999986,73.82400000000179,916.7670749543092,91.41951090187126,23.890000000001105
307,220.19263270562263,82.3830144412864,920.7620488971826,90.96565942988285,20.593557539303
308,271.4491047532517,70.2287265250372,922.8576208171173,93.15387834868643,8.9476796710171
309,251.684328,88.1460000000003,921.9244972577786,90.70946820296494,27.440000000000506
310,222.9096442000001,47.0599999999972,920.8636380256032,91.59029720389248,73.6500000000002
311,209.04886139999974,87.54999999999839,922.3327787934268,93.28659155831522,21.3900000000005
312,233.75805920000005,90.7800000000054,917.9519195612503,90.86745196875229,34.5300000000003
313,227.71994339999992,80.53272584204491,919.4037928827656,89.25166487289037,22.343975255279396
314,207.77940322490085,68.50973313729399,922.2840105647732,90.79338085997736,18.9414336961078
315,228.9635063999998,67.26600000000029,919.9693418647256,92.16021981377615,63.63000000000049
316,239.89227559999992,51.055999999998505,920.818482632549,91.9187348240098,52.980000000000715
317,252.50037199999986,67.3740000000007,916.0976234003748,90.2321059179375,47.990000000000286
318,221.92126800000003,58.2840000000003,922.6667641681952,92.24182849012112,16.79
319,217.4490102,82.2060000000023,924.8159049360187,94.76383132368656,17.63
320,214.86078279999973,59.7660000000021,921.0250457038513,92.5070561916398,61.660000000001
321,220.6058185701175,55.602094081799706,924.8444369076387,92.41361926417818,22.1791114986417
322,212.14517458933545,58.7048842977861,929.7053589210941,92.01877018160728,15.324104681449402
323,246.737312,47.725999999997214,921.0524680073216,91.5001494394426,88.67000000000021
324,218.70669739999974,75.3840000000022,920.5016087751492,90.95087010970987,78.280000000001
325,238.3711564,82.1780000000005,923.3707495429696,95.01067203427809,30.5700000000005
326,233.79029599999998,66.76199999999871,929.5298903107962,94.96966120042109,11.1500000000001
327,224.71994340000006,61.496000000004386,919.2890310786136,88.91543040865946,38.8900000000003
328,252.4455476972134,65.0270778457753,924.4100582435519,92.42578136005312,19.0723994979503
329,211.86560581643883,69.22001132010101,922.4289578693136,89.23746032410273,17.871662823073898
330,255.72818859999998,64.9880000000047,921.116453382088,89.37352891450467,28.5100000000002
331,214.43966807774558,77.5024959456659,921.9276846666256,90.90572286716987,15.841939794174
332,246.47907585892003,75.67577296061759,921.7296016747093,91.48857273555838,20.3148667569672
333,227.77380560000003,53.214000000004795,922.9638756855608,92.51269869441192,68.1600000000002
334,224.18307780000006,78.7400000000047,919.2830164533881,90.24966428887087,32.8999999999999
335,232.07285299999992,41.019999999999705,916.2621572212145,90.93038525959447,76.7000000000007
336,246.5773475999999,46.3199999999997,915.961297989042,90.6725384398538,63.3600000000012
337,228.81192140000007,64.5180000000034,927.8004387568576,93.11411703604773,15.110000000000401
338,223.72818859999998,44.51200000000449,915.8895795246832,89.33391511330339,80.8700000000002
339,250.95938380000013,75.9680000000046,919.4987202925096,90.26531015555628,37.889999999999795
340,250.5394548264064,84.3717456550001,923.6273185263632,93.34997079508652,17.412343381034994
341,237.39102540000002,77.6220000000022,924.5970018281586,92.40117689322304,26.65
342,268.27329939999987,47.1119999999988,911.546142595986,89.07801620425377,77.10000000000059
343,237.69007280000002,51.8580000000039,919.4152833638046,90.59414982926113,55.0300000000005
344,251.2145706000001,82.1780000000045,920.204424131633,91.6762998169051,51.64999999999989
345,229.70581919999998,85.9500000000042,923.6835648994576,95.57884776866676,13.020000000000401
346,239.84751510164008,70.69566729751669,923.131524312538,92.09657223587305,14.505189851689696
347,236.7354312129776,62.9081093132383,923.3531410917644,92.07901107399586,16.4367664120645
348,248.1175918,45.646000000005294,918.87098720293,90.65365822052105,62.300000000000296
349,231.1049176428471,61.636998458547,926.2285313104726,91.40737665312815,14.452222329064
350,226.98175319999996,49.8960000000048,920.319268738578,92.74240162150629,66.8700000000002
351,233.381902,62.9539999999985,920.3584095064087,88.58551570309706,34.7300000000006
352,244.3454083999999,69.4700000000005,928.4975502742293,93.74835925012616,13.7700000000003
353,216.18327310091763,71.2772227126346,922.9340328466857,91.7358988173732,21.4252150904462
354,245.5588919773328,71.8133014399465,926.0571421610852,94.77685208051292,15.4724870334336
355,221.34878699999985,83.9139999999995,920.844972577704,90.62325269897434,21.73
356,214.8185444,60.4600000000045,922.3641133455252,91.25991674189586,35.7000000000002
357,249.9529152908841,62.05388861488339,924.9480715126756,95.36903505438977,13.2376389641706
358,229.70581919999998,62.51400000000239,920.7123948811712,86.22707564837424,25.9300000000002
359,218.1603213292413,71.2174949354422,927.2634810845873,94.76612850367529,17.3506335256904
360,226.86982111571209,64.5974317162137,922.304348736413,89.39082752191753,21.277596086494103
361,257.5491119471164,67.8018453135668,923.7447629278515,93.88393897388727,7.61864892090968
362,238.80854280000008,73.1140000000043,929.80895795247,90.79894683729485,12.4800000000003
363,231.0471603675034,73.317912722222,923.3219888794915,92.23025787762465,13.097025324887
364,216.54098819999984,68.371999999998,921.0272394881247,90.29339555744686,30.0
365,240.23693999999983,67.3720000000002,921.1863802559476,90.05997256879152,46.60000000000011
366,243.6560796,58.1639999999998,928.285521023774,96.20777012626007,17.77
367,209.23694,53.94600000000239,921.4546617915925,90.85894029568121,67.6400000000002
368,236.3737987527393,73.2052067778853,928.1533705195833,94.82191221539442,17.0921443556843
369,213.6528352,66.03200000000072,919.6929433272434,89.49663349711813,37.950000000000095
370,250.92376840000009,76.9480000000051,920.73208409507,87.84062570506849,54.7699999999999
371,251.5939721999998,76.9020000000019,921.1912248628996,90.4489026719446,54.070000000000896
372,243.88565259999973,70.3260000000002,914.8503656307208,88.97126048293306,55.2900000000005
373,213.93701439999995,81.85400000000159,921.7095063985388,91.60942070011616,44.5200000000002
374,242.39497843970813,81.656872958296,919.8938500561412,91.68606937414144,18.7105946101416
375,227.03227707625086,75.4418955237475,921.4542413047183,90.94660245455013,17.5126749272118
376,215.8890031960284,79.84382066803991,920.422935191722,91.69279645596157,20.3686575035765
377,225.34628659999998,51.4439999999985,919.3660694698464,90.48158698369456,71.900000000001
378,219.3926476000001,67.7060000000035,927.5552102376621,93.29588418107588,16.1700000000004
379,250.83429080000002,66.2279999999995,920.0943510054924,93.25474453908821,22.7700000000007
380,248.7133204,76.1379999999998,920.6734917733212,91.25641491063595,12.3400000000011
381,232.40677180000003,67.54199999999639,921.9626325411424,89.950006443357,14.3500000000005
382,205.026492,64.96800000000499,924.6017733089619,93.93045332828275,28.1700000000001
383,218.6345503947604,75.4299449134956,922.1379763827812,91.47730111125514,17.3374491653075
384,213.5286339978724,58.7905884936959,925.6939011938356,95.71792731582926,21.2884689303742
385,208.22119359999974,60.6140000000002,916.5891956124393,89.89425190962187,64.2300000000006
386,206.11596959999991,80.21400000000409,916.84833638026,90.48611999226885,13.6900000000001
387,241.42001779999995,56.4000000000041,918.1674771480856,89.17472986353533,91.2000000000001
388,226.1897008,82.0440000000046,919.25661791591,90.8287745405152,50.63000000000029
389,233.59485039999973,78.5880000000021,920.0557586837434,90.52004420327991,37.010000000001
390,249.3997434525687,85.58315210842551,917.6966354002092,89.87040929276823,23.8394563813543
391,252.151585,69.054000000002,923.5740402193824,93.16219296296619,13.7
392,247.65945819999973,66.11400000000211,923.163180987215,91.2107779840737,57.930000000001
393,246.52063024475842,72.89438461233789,925.2359963773426,94.2382187358305,17.5245814168861
394,231.77111584083232,79.6974677767415,920.998079753592,93.86719157760064,17.924153529730102
395,220.425626104234,62.7881104612474,925.8650413282344,92.818283098633,22.6811184414665
396,259.58734920000006,61.640000000003795,920.7197440585028,91.92640358443312,71.42000000000041
397,251.55497820000008,64.080000000005,927.7088848263294,91.77879328040753,13.2900000000002
398,239.69757399999986,58.2640000000002,921.3380255941576,87.77771154050555,50.38000000000029
399,228.8863966,62.8820000000006,929.2771663619804,95.25775936469543,12.1400000000003
400,214.04837715687958,78.3766741097983,920.3933636488248,89.32058132959641,22.019481340862303
401,230.5275498361496,64.5102153846154,925.1759817569322,94.4813021624246,9.346644312950259
402,212.822667,50.994000000004796,916.6545886654527,88.45757830888155,67.1700000000003
403,243.80942099999984,75.55200000000221,915.9837294332843,90.42846887428396,56.600000000001
404,245.33966360000005,62.971999999998204,927.4928702011048,93.95889141310327,44.4600000000002
405,209.80942100000004,62.879999999998205,927.8620109689316,91.80632552719405,41.31000000000021
406,241.8317904,69.4159999999991,924.621151736754,94.34035634016605,14.55
407,230.0844768,50.902000000000804,922.4102925045764,88.83823968243576,62.9300000000003
408,234.20544720000004,57.49200000000529,925.529433272396,95.00310465434409,26.6500000000001
409,237.2167342206928,71.85383332605579,,,20.356594050031397
410,229.144962,50.1819999999971,927.6977148080529,90.90789035533429,74.1000000000002
411,251.26836437943518,62.0641812921099,926.5653010638564,91.40352321396948,19.3893140480331
412,222.27917840000006,62.486000000004,926.7559963436947,92.32713361060888,19.5800000000003
413,216.72818859999998,66.69599999999859,930.5451371115263,93.27201640544115,9.3400000000001
414,222.7489358,62.2980000000011,925.9842778793487,92.32745138875437,32.9700000000002
415,247.7489357999999,53.51200000000011,919.0934186471733,91.47637862812334,56.2200000000002
416,227.85819861224041,81.62439966843209,922.3136990339548,90.4979324852721,16.815843669672898
417,239.2362539334739,70.1948370310088,925.0503107250114,94.36199983776964,14.2602650739355
418,222.3106711999998,75.4279999999984,918.8508409506468,93.35309777214405,53.0200000000001
419,247.80942100000004,66.886000000005,922.1299817184683,89.35821869088369,54.8500000000002
420,245.85772738686825,85.08455392635429,920.853879308342,92.61303677859092,24.017173380376395
421,237.56085719999996,66.31799999999889,922.2182632541212,91.18401849898586,32.44
422,239.43900860000008,56.8880000000039,924.4974040219412,93.27613825082756,20.4400000000004
423,248.53436519999988,72.12400000000011,924.9565447897703,93.27215204691522,53.0400000000004
424,225.789552,81.2760000000043,919.1756855575908,88.47286150164864,20.290000000000106
425,244.1683828151466,70.3998621887099,927.7188225515082,92.30108840014921,8.77073237717063
426,204.80942099999973,68.87600000000221,923.2839670932468,89.22635195981098,45.350000000001
427,212.37527899999992,58.1739999999981,922.9931078610704,92.51230856909963,48.270000000000714
428,223.86078279999973,60.918000000002394,918.2722486288968,92.15561183584127,66.6300000000012
429,252.6528352,63.1419999999987,924.0313893967192,93.09586822610687,44.75000000000011
430,234.21864210701042,77.7672458534618,918.0371182580576,88.40754385430776,23.295053784994998
431,243.7235315558342,72.6893051794945,924.4750780311143,90.08794437120926,11.090846132710901
432,229.908022,61.0440000000023,922.9588117001867,90.35869527500452,39.5200000000001
433,247.48347810341286,72.56876296971942,923.537704609592,90.74609474395255,18.11012392920961
434,239.97513019999985,73.32000000000049,922.1270932358397,89.42010366481855,46.6600000000002
435,251.03106575082526,62.5288227739997,926.8949744909213,93.76926786038165,11.1054404490867
436,253.77130519999974,79.35200000000229,920.0853747714928,90.24021693212215,56.390000000001
437,209.9816905181736,71.84222257073749,927.1512188643852,94.10136177523823,16.728054056807803
438,250.69757400000003,44.8640000000002,919.9136563071347,92.03577880897926,58.21000000000011
439,236.05960700000003,55.39200000000529,921.2127970749573,88.10391327583794,19.0500000000004
440,223.1607084000001,77.04000000000408,921.851937842784,91.9019176391873,19.199999999999896
441,223.77380559999997,77.1480000000015,922.8110786106046,89.06669742585079,29.8900000000002
442,229.1874668090365,67.2369571120897,924.9972405683808,93.81180683388737,13.0193663169365
443,207.565858,67.9679999999981,921.6293601462633,91.68030752960199,40.9100000000007
444,247.9572591969679,72.86255894863541,928.0531541636017,93.05956976984596,18.6502630520875
445,250.6446668361677,72.6617068374788,924.5866097623621,92.70203133867392,9.613235027313145
446,214.2816788,73.14000000000459,918.9767824497296,93.09659169502108,53.840000000000494
447,225.9542340135642,68.2371580326915,923.7299209572833,91.82351098523186,11.4117152010813
448,210.54761119999992,55.17600000000101,925.9550639853807,93.02945939699616,25.3700000000003
449,233.80339689275138,78.2646835998939,922.8856125952302,91.80233335133134,19.4580517874642
450,214.32862091705002,73.05570528724749,926.8313222346147,92.58970416573469,13.1771506638938
451,224.01324600000004,58.71400000000521,922.4824862888513,91.22167916206993,48.3000000000002
452,241.9525532819717,77.2546960324705,924.6947071313817,94.58166390589012,16.0318928970708
453,247.74218097708248,62.7377665836249,926.3041963657892,95.85726594788228,19.8153885133758
454,237.2584312,84.9140000000006,924.5499085923327,92.74421238921049,7.220000000001191
455,209.35540999999995,84.8940000000041,922.4590493601524,88.77746614947998,25.300000000000402
456,225.77380559999997,82.3840000000038,922.9681901279761,88.98734283205198,23.0300000000004
457,247.75143619999997,69.1379999999985,924.7473308958045,92.94616265231758,15.630000000000598
458,230.8584974104021,79.1032797491485,923.8237116306776,92.26448315589322,22.145131885947198
459,230.9527608,85.4000000000045,922.4556124314502,93.9858944695863,28.450000000000202
460,213.69507360000003,67.3019999999981,920.5047531992767,91.12695823670877,26.0600000000001
461,237.6304657999999,91.3140000000002,919.8138939671022,89.54358546862719,27.210000000000505
462,241.0844768,54.2320000000014,923.0130347349235,91.95356950025645,39.5200000000002
463,213.15570759999991,76.1840000000001,922.8821755027502,92.58125497043942,55.5300000000004
464,215.58322659999973,69.41400000000239,920.5713162705777,91.511389944848,52.700000000001204
465,232.2004464,70.4700000000022,919.8904570383933,91.20997601223624,44.5000000000003
466,228.35290959999992,54.2860000000004,918.0895978062227,91.13165032213756,68.0600000000003
467,212.90139900000003,57.140000000000896,926.368738574046,94.97309881294778,88.99
468,249.2120702,67.5600000000056,919.4778793418686,91.31001239245373,90.3000000000004
469,226.34878700000002,59.9479999999998,922.8870201097,89.51174226944781,57.9700000000012
470,250.98837619999983,55.088000000001294,921.3961608775256,90.39044441352331,88.92000000000108
471,240.8922755999997,77.04800000000259,921.7053016453493,91.52645360643112,24.270000000001197
472,213.51611839999995,51.4419999999993,918.9244424131708,90.6215182352243,48.6100000000006
473,246.4100162,67.462000000002,924.6435831809912,92.51260915174885,8.62000000000001
474,237.5807262,51.686000000004796,913.3027239488167,89.47675909686474,91.22000000000031
475,239.83357067210054,77.3301924190399,926.5818314563264,91.10976717512159,14.0537479212309
476,236.026492,64.8340000000025,921.5310054844658,91.38092577115448,54.89
477,211.89063634965808,73.9948172460428,919.7347413739882,92.52890732820637,22.784558635085503
478,249.89278859482604,72.01193102847921,925.3385301702358,94.4586790861675,14.275889829250698
479,215.0041226,48.6340000000049,923.3184277879362,91.84534159997288,73.7400000000001
480,213.78687421352032,68.00316845804599,921.7219794094487,92.54486726506865,19.9265785572655
481,246.9386365999998,77.76000000000221,919.9467093235972,89.25145055876156,15.700000000000902
482,227.43988680000004,64.5120000000023,920.1058500914096,92.68540197429807,27.8800000000004
483,248.45813360000008,67.0840000000004,925.214990859238,92.89553816645196,12.3099999999999
484,238.0488614,56.7440000000013,928.05413162706,90.55975564134614,47.5800000000003
485,220.70669739999974,70.5120000000025,922.9232723948932,93.39192482087329,48.380000000001104
486,253.45151059999992,76.9039999999978,923.6324131627136,92.71977273693705,17.819999999999894
487,248.97513020000005,50.804000000004606,925.041553930532,93.93940339524592,64.0700000000004
488,223.04269066322385,60.9322738557625,926.5921364061056,93.58329064540779,16.1589431257974
489,241.41339480000008,67.37400000000059,927.449835466185,91.91825041445287,14.1
490,224.6395892,78.23399999999779,921.8789762340108,94.5612197536622,26.27
491,216.83177384541474,62.7137564290409,925.6280725985364,93.70467309253485,23.5708448074966
492,215.7480575999998,73.5559999999987,925.1572577696603,94.13516126554435,12.5200000000001
493,230.743935,47.356,918.136398537486,92.48587381275586,64.71
494,202.52774220000003,74.28600000000479,920.115539305309,91.36718800591416,56.31000000000029
495,238.90964419999986,68.8220000000004,920.754680073134,89.93968910661852,54.3700000000002
496,274.53505968841966,66.0920994358778,924.5144851506627,90.04503759181023,9.77722428487699
497,244.63621060000003,51.0480000000035,925.9029616087773,91.77228334356913,21.6900000000004
498,230.68432799999974,71.27000000000059,917.2021023766084,91.42164790381409,59.9600000000005
499,217.23694,82.8619999999998,924.0612431444362,90.52884699877038,7.42000000000115
500,226.49374900000004,62.208000000004795,928.2903839122528,92.76539193924505,17.4800000000002
501,250.6374832890852,62.733243092919,927.1525901126802,92.49897584368587,10.4552769326606
502,205.8632832,42.524000000000704,919.5386654479026,88.91328349881223,86.55
503,240.89900003624084,68.4327443006116,924.3359668011102,92.43301994150251,19.5687501431539
504,246.88565259999984,82.6440000000021,924.6269469835596,92.24451199993051,30.780000000001106
505,232.9527008565631,74.48003162597921,927.2555768380479,92.64857900595392,18.2224476613752
506,250.1938234,82.2060000000047,921.9152285191986,92.4634317273899,27.2900000000004
507,237.59647260000008,70.1280000000045,919.2543692870261,90.13017742740392,51.8999999999998
508,209.5409882,62.5120000000005,922.0035100548524,92.55114154024322,58.550000000000495
509,211.5353661576168,56.635881184815204,923.630167025166,90.26916945054508,22.606942777329397
510,244.2285606,69.8640000000008,922.7517915905057,89.71030237332172,9.78000000000119
511,247.67932719999985,65.5800000000019,917.660932358331,90.00766681925045,55.15000000000111
512,203.1764548,64.23999999999799,924.2000731261516,91.52197539659159,64.2400000000006
513,218.72906679999986,76.6139999999983,921.889213893975,90.6524467742055,56.059999999999896
514,249.09934500000003,65.5540000000049,927.9683546617946,92.67486053088986,17.2800000000002
515,244.579104,55.980000000001,928.307495429622,91.90548009454088,38.85000000000021
516,241.6412114000001,47.122000000005706,922.1166361974426,92.69186334539101,77.8900000000001
517,211.28580140000003,55.6000000000005,925.295776965272,91.74176958834164,84.5299999999999
518,254.724066,54.36000000000111,927.2049177330936,96.24382609285492,75.97
519,,56.67000000000071,920.9940585009192,89.2991737263133,74.3900000000001
520,227.7738056000001,83.8080000000047,922.0831992687436,89.65935446291847,53.57
521,244.66195860000008,61.776000000004,926.492340036565,93.78642293637144,24.1700000000003
522,233.03834917564086,67.7704276607664,926.9131429696657,91.11951724905857,16.7282275628936
523,245.68327309119562,77.8822835623096,922.765453230072,94.3189450084566,13.487504477736303
524,228.65945819999973,70.9260000000022,922.1897623400496,92.68589388448427,51.540000000000894
525,212.32641760000004,65.9160000000045,922.1989031078641,90.46582736468105,20.9000000000002
526,227.4448876,69.937999999999,925.6680438756937,91.74169073400913,17.6
527,210.125093,60.3980000000001,921.9371846435221,88.50649506453718,41.1100000000011
528,245.43826460000008,70.0560000000036,925.4963254113376,92.51659693336384,17.7600000000004
529,218.35541,58.6320000000047,920.3354661791632,90.91767203561643,68.6000000000004
530,217.08035419999973,81.8720000000023,920.1546069469944,91.31521085830092,39.450000000001296
531,232.98175319999996,52.711999999999286,918.98374771482,89.01336389987308,70.17000000000111
532,237.9203898,43.1000000000011,918.1328884826386,90.3172342592898,91.0600000000003
533,238.908022,80.5500000000047,920.7420292504628,92.63746319070042,44.8500000000002
534,245.1358386,55.11400000000121,924.3011700182876,90.17131042006224,80.6100000000001
535,229.48300340000003,47.32999999999721,918.590310786116,89.12589177287924,75.5700000000002
536,256.9651285999999,62.7199999999988,925.8694515539385,92.00540523370209,10.28
537,212.84010013223832,77.0290755246311,926.5242907373532,94.5170368954266,21.098122073250305
538,224.2543086000001,60.3420000000047,926.0877330895828,91.38716824628513,37.4400000000004
539,241.58386228828357,60.608515806338396,928.4793132964193,92.22574682522692,12.2975958677916
540,260.60532543745927,62.84921066958761,926.3451396386064,91.69375539440568,9.98407134452479
541,261.1119595311782,62.683688629945095,926.425385951738,96.52337955611736,14.110115665471596
542,205.23693869766186,72.74555102620391,927.7631817332064,91.75108358305648,15.647039987286101
543,255.71244219999997,63.8700000000022,926.613436928705,96.81078847071592,20.8900000000004
544,266.6298459896238,62.4350342971212,928.3908650280656,93.05768167875964,14.034426752026201
545,234.7514362,57.8239999999995,922.671718464353,91.34513253571757,57.14000000000011
546,236.60471779999992,43.746,,,70.77000000000109
547,240.3263879139022,66.18310634961429,927.266356121941,92.66946284013521,12.081166462876695
548,204.89889859999974,80.916000000002,919.4091407678374,91.63263838727549,31.600000000001106
549,213.4499331698308,70.1690787523732,923.8837802573328,91.38021129715874,17.525930234599
550,229.867685110538,75.217521876563,920.8359595101193,91.54211723938968,22.5793565365032
551,252.01736860000008,46.69200000000391,925.9065630713001,93.56029194962495,92.2500000000003
552,245.89749363064308,77.7652368630875,925.3338587520343,93.68746048945712,16.7754816091836
553,205.24006861639614,63.13138749272621,928.016880186259,95.35421992808443,14.6765532393937
554,233.7423128,77.7060000000033,926.0839853747748,92.7995821223574,17.390000000000597
555,233.71156400000007,59.5240000000041,926.293126142598,93.04339602227765,7.910000000000348
556,246.09109980000002,64.21399999999872,926.5222669104284,92.59816087668085,26.9000000000001
557,230.59234999999995,76.0219999999982,922.701407678255,90.92835995140688,19.230000000001
558,231.67770499999992,72.5300000000015,920.4005484460707,90.32862026380884,31.64
559,222.52774220000003,69.7399999999984,927.6096892139027,91.55961322442322,19.9900000000001
560,247.4089222848421,64.2675835594038,927.2929605488008,94.52635423667702,13.5255904371432
561,203.68432799999985,83.79799999999841,921.957970749549,89.6623913054236,36.55
562,216.1595037170902,75.55406499169479,930.8957606941362,93.57751838234152,12.562638460102301
563,205.8699062000001,58.398000000005595,917.646252285197,89.75864604838253,49.61
564,258.2393581175989,59.5116242360344,922.6172934591086,92.83517852108072,18.5400878457213
565,230.4721236,55.1399999999974,915.02453382085,87.4833580141856,90.0600000000005
566,243.2649341230092,68.17368535629579,923.5289853159904,92.534578918954,14.2902823644533
567,206.9949992,50.0379999999986,920.042815356498,93.30644725145706,53.5300000000006
568,235.16983179999974,70.8180000000021,924.1919561243263,90.65512704599622,36.440000000001
569,240.21119199999998,67.8680000000013,926.8110968921463,93.09288249187088,17.8000000000002
570,258.3992705999998,54.7199999999995,915.5502376599716,85.71001332822237,60.39999999999989
571,253.17209331801152,87.0042047325003,925.5541553291828,92.99178990424242,13.1531066581439
572,203.9237684,73.8540000000048,924.6285191956157,94.82403625215284,27.5200000000004
573,217.9249994880089,58.99410834088541,927.9401188014308,92.94741230393652,12.705058755843401
574,259.079476,65.47199999999951,928.7268007312692,91.87797617383413,11.24
575,249.66858159999992,72.8999999999978,921.895941499094,89.23205787174881,35.95
576,246.63192688468425,68.6397842137737,927.7383152300004,94.35558390303694,19.7962066527064
577,234.65959625992846,72.34875006857139,925.349814091059,92.21495695126578,9.58719827966682
578,213.9303914,71.4760000000012,921.9833638025644,91.08257485724752,25.2800000000001
579,202.99447296718878,74.61219231824708,920.737950991928,90.85076304555454,22.9199885577424
580,266.5508237839581,66.5605117305458,928.9356623275256,92.15072906191703,14.821564021140402
581,207.34628659999998,70.603999999998,922.18078610604,91.4252386860864,20.08
582,247.5790446511333,76.3595339314335,923.1682134116206,90.67020742047438,12.7217687388995
583,243.52024100000003,42.4860000000051,918.119067641685,88.46061890145411,91.34000000000022
584,218.045088097676,72.21650831936141,927.9312725335724,94.94961294737196,8.76931378644087
585,203.5882274,83.754000000005,921.5973491773367,93.645360996274,38.2300000000002
586,246.52774219999992,65.95999999999951,927.4564899451634,94.42812913267919,14.100000000000696
587,236.74481319999992,69.53199999999799,924.6856307129867,89.06442757628025,18.76
588,215.9502604,67.16600000000179,923.7547714808054,89.99965670361581,56.45000000000029
589,241.71771847316967,77.96897212406141,925.3240231372273,91.13283019557356,17.5674952514813
590,254.54761119999995,61.3140000000007,923.3930530164585,90.11780505656168,40.97
591,249.90964419999997,63.0720000000021,926.21219378428,91.89387443782586,19.47
592,203.55130610960347,83.7690627085771,924.3925479568294,90.31987169477594,23.0537656924228
593,234.53436520000008,76.7700000000042,930.720475319928,94.6905314397258,17.660000000000398
594,227.4448876,78.50400000000009,922.9696160877527,89.8858627722801,36.6800000000001
595,249.2885026382233,61.2754787334636,925.7436134404868,92.72984877915084,12.362984078201402
596,244.81104320000009,46.708000000005704,921.7978976234024,91.52087160405694,92.1500000000002
597,235.8754700111559,78.5683753924782,925.8296949605908,94.18850572833051,10.8996787455232
598,215.6304658,59.2000000000038,926.6261791590524,94.76305089251265,26.0700000000004
599,204.95276079999985,73.39200000000191,919.6753199268879,92.21754225659511,23.3400000000011
600,209.8632831999998,88.93599999999859,922.2044606947056,91.34365082298297,23.87
601,237.73893419999996,85.138000000004,925.8036014625287,91.37268442375492,13.170000000000401
602,253.35620590719768,70.7777170642021,928.3859223345944,93.37177411961729,19.4152498087885
603,250.50037200000003,59.54200000000201,926.3118829981747,90.25164573170605,77.96
604,248.9212679999999,48.0480000000014,919.5910237659983,87.84603877294771,73.0800000000001
605,234.3777794,70.0920000000041,922.0001645338267,90.83353758722656,88.96000000000048
606,205.0356153999998,54.077999999999285,920.4093053016524,91.35606630256324,71.4400000000001
607,224.37115640000002,79.2800000000011,921.1484460694718,91.00032915920616,43.050000000000104
608,247.348787,72.655999999998,923.1575868373023,92.69455813485102,20.56
609,235.4653109167669,75.87335583543259,929.8850079084488,92.15157979569948,17.495930590517002
610,217.0876589104954,50.9424140408282,927.3480366238364,96.29832768428068,16.8340383704153
611,223.49374899999992,51.36200000000171,929.4550091407718,94.15570637602673,22.53
612,224.9648248397162,64.9841053260603,926.7628885444984,92.64051791671078,12.5417785711368
613,202.19220120000003,40.956000000001,924.903290676422,92.0977782123475,69.74000000000011
614,206.90139900000003,75.409999999997,926.7024314442514,94.58724759683243,13.960000000000301
615,214.97481745186298,56.559018294594004,923.8914916019528,91.46066565221548,14.124357863204901
616,223.20956980000003,77.5060000000043,922.8307129798973,91.35719717371815,22.4000000000004
617,221.3595326,75.4080000000041,925.8798537477207,92.10465735903846,35.470000000000404
618,248.3529095999997,60.34199999999829,923.6489945155472,90.78103727571207,51.52000000000049
619,227.46913216211246,76.30292525056291,922.4762067914868,88.38419650353615,22.2663250278405
620,212.00574480000003,59.785999999998204,926.8672760511985,92.72687862840506,77.7500000000002
621,231.04496182111907,78.8187079352237,925.7867669927548,92.12850339500878,16.606779054226998
622,245.40339320000007,50.5700000000036,927.5655575868393,94.55147418444838,17.140000000000402
623,221.0214912,60.874000000001296,928.9946983546672,92.67756312046231,26.12
624,219.66358079999992,58.57000000000179,921.8738391224916,89.21495160304562,89.4
625,244.8317903999997,52.7740000000002,918.1129798903188,92.09119459700916,64.74000000000049
626,224.32475066666646,65.1180000000023,921.6521206581473,90.36208178769985,55.090000000001105
627,237.936517565232,65.6347758087467,927.1644272099347,90.87901284689968,12.018836172335998
628,206.2119095516958,64.9906724728916,924.8654927277704,91.77662381887795,20.7882298115166
629,238.83327819992766,57.0934048625832,925.2610179430608,92.42031034260981,17.0827767754539
630,221.7974606817331,68.0224665654725,927.5220853968952,94.23919542180977,16.6623087094408
631,228.57248100000007,79.92000000000421,924.1178244972627,92.1451002525938,42.529999999999795
632,243.5434886,76.21799999999841,927.9569652650923,93.76432051372775,14.050000000000999
633,246.09109980000005,54.960000000004605,924.5161060329087,89.40358919044485,58.1800000000005
634,250.3207999317419,65.4964773491541,925.2026513117322,91.71688726903686,20.442896011858803
635,215.5141925592117,62.855719799593714,925.3657636418527,89.1047238712233,21.401586871435
636,212.23443959999997,39.7520000000007,925.2935283363864,89.68533875342176,50.6999999999998
637,255.10434579999983,52.80200000000111,922.5226691042168,90.54039090105715,64.2000000000012
638,225.4434278803133,72.736578335042,928.0530134569293,93.1269617546655,6.46735867714546
639,223.1308378,73.16999999999871,928.5309506398636,91.585663020798,6.5200000000001
640,219.10184539999992,56.760000000000716,928.8400914076843,92.86699673571364,23.4500000000003
641,224.1764548,60.480000000004395,928.2292321755067,92.0391846934203,54.2000000000002
642,243.48462560000002,50.10000000000071,926.6183729433322,91.03743417112206,90.5200000000001
643,239.83179039999987,78.7480000000005,922.2475137111587,90.35685974500835,35.1600000000004
644,247.7066974,57.3120000000038,923.7366544789784,90.3456969900577,66.1400000000005
645,217.37277860000003,53.55600000000461,920.145795246804,86.77639482045366,57.850000000000286
646,261.1941511564769,63.887050185739405,926.4727008222702,93.24110844427577,8.29967406061132
647,214.83191118855146,78.93801250352199,924.7606749656827,91.17340882846779,13.1632440106863
648,243.9250937324333,66.9503395683896,927.612575802856,94.76674412667973,16.3278066939837
649,213.3063438620248,81.6721435325803,925.6951114330349,92.49966965811623,18.1239117963028
650,241.34878699999985,74.292,922.8414990859293,88.16720809792439,42.02
651,254.58247313852246,78.3617174481613,926.2280567258287,91.59767809554018,10.9665616258317
652,248.9237684,65.9400000000048,921.4297806215773,90.61146097148584,45.160000000000295
653,256.35115319999994,77.8400000000007,925.1489213894076,92.98283083131092,5.3600000000012
654,233.737312,69.9740000000034,932.5880621572252,94.65212280736877,16.940000000000598
655,212.08697719999992,86.22000000000021,922.4972029250528,90.77838139049105,18.7300000000004
656,216.48624779999992,67.3440000000041,926.8263436928752,95.34183869521216,51.6300000000004
657,225.7199433999998,70.83600000000179,921.4054844607075,91.10330364650083,21.7700000000011
658,210.2305375720089,66.3349599164419,925.2975675774553,90.729134467395,17.3185991978399
659,263.4787818483397,62.109241569859705,930.0492655794136,94.28078251074896,13.351312969051099
660,241.553356,43.134000000005685,923.0729067641713,89.53415037452616,91.68000000000008
661,228.15158500000007,77.7400000000046,924.0420475319986,91.1525081973995,38.39999999999979
662,229.29492480000005,91.26600000000508,923.2111882998242,90.16464226514671,31.3100000000002
663,220.6478344,51.480000000000494,918.4703290676497,87.89562894215379,78.01
664,243.18970079999986,76.2459999999986,920.4994698354732,89.8494633027715,24.1199999999999
665,244.3570322,52.8020000000007,921.9686106032907,91.1892057713245,91.70000000000022
666,245.9793486145092,64.30090706927771,929.7560249337621,95.16922200779364,13.7531922420287
667,219.2369399999997,61.010000000000495,921.0968921389476,92.76815098054344,58.0900000000006
668,232.61471940000004,78.5519999999968,926.1260329067733,92.75538725747784,10.6000000000003
669,248.28301697047246,76.0666077222066,923.4341608042557,87.9199479393577,13.5596180789661
670,257.12833739999996,52.362000000002396,917.0443144424153,90.27698702649609,88.2200000000004
671,262.6353323999999,64.9799999999989,927.5034552102456,91.68429204216531,10.2300000000001
672,235.8494498641401,73.8637734133229,928.591540715698,93.70239340382645,17.8047203126492
673,247.1764548,49.1819999999985,920.4517367458935,88.80296761111771,90.6500000000007
674,236.11886343616484,78.0532952188329,927.6207210714532,93.47788413840496,17.413529618559803
675,208.24704911607537,55.1549276302824,926.7681398445856,91.43652172304392,18.9494641465023
676,252.4169366759458,85.51024958998009,920.333547980076,89.31258137282158,23.6348498373466
677,228.9035742235922,78.35871191509109,928.5455668269594,91.7693134914575,12.7243290422475
678,240.42251819999984,74.08800000000049,923.4974405850172,89.86936886988366,44.2700000000004
679,223.00824519999995,52.2719999999991,920.9965813528416,91.75605422367164,62.5300000000006
680,214.5409882,72.81000000000058,925.1557221206641,91.51261731852422,39.980000000000295
681,215.75805920000005,71.2340000000053,919.7248628884876,92.51681301532648,53.120000000000296
682,225.356154,42.2340000000009,927.344003656312,92.33301084272141,76.9699999999999
683,212.46725700000005,46.6920000000051,929.6431444241347,93.20069412278156,64.2100000000002
684,205.8988985999999,63.6740000000006,927.5722851919612,93.50374203041149,23.8800000000001
685,241.67020380000002,78.21000000000059,927.1814259597867,91.66278248338192,18.9000000000003
686,243.57410319999997,50.922000000001105,922.8905667276108,91.70654757411266,77.3100000000003
687,224.5633576,42.5220000000036,918.6697074954317,88.88238266835066,92.1100000000004
688,237.6576313475631,66.3535133132245,925.233410368668,90.13519317356844,21.5811389879921
689,215.7423127999997,75.6900000000022,922.5779890310907,91.50634704867409,42.050000000001
690,224.06460779999992,84.2040000000002,919.9671297989113,89.38010300885391,48.9600000000006
691,207.31067120000003,72.0159999999987,927.6562705667366,94.60155225849951,10.4600000000001
692,219.4133948,72.7379999999967,925.8254113345613,91.18489468143991,22.0600000000004
693,221.40014879999973,78.8020000000023,924.2345521023877,91.41587337940788,43.5100000000012
694,217.94113700000008,71.4660000000042,931.6436928702024,91.8429290933314,19.590000000000305
695,216.0869772,65.73400000000461,922.3228336380316,91.94818187066595,61.8900000000002
696,209.30404819999995,81.42200000000321,924.7619744058552,91.9125499487172,26.1800000000005
697,204.3106712,46.6800000000035,928.5711151736776,94.15663506572172,32.1800000000004
698,216.84091379999992,68.4980000000002,926.160255941507,89.53850075229867,63.5000000000005
699,230.18554715949423,70.68782210389689,926.2775248800206,91.07882302874346,20.986750555640498
700,221.67520459999986,63.1319999999994,922.438537477156,91.7459119044773,29.4599999999999
701,245.46887919999992,52.449999999999285,927.7676782449803,91.43258939599517,60.38
702,251.98837619999983,55.942000000001,921.3168190128081,89.34188851694314,59.5800000000012
703,244.84472324506714,68.01853693095221,928.8386184705548,93.46208075274143,14.822352596978499
704,250.822667,63.51000000000461,922.4651005484493,89.60478111414578,53.5900000000004
705,212.83429079999985,62.072000000002,918.3442413162834,91.62675452438327,59.130000000001104
706,226.85902639999992,68.778,923.8933820841072,92.34053509581993,8.56000000000113
707,219.206253514939,75.3630205403493,924.7894073059675,91.51237211919157,14.410693593459499
708,206.89227559999995,50.490000000003796,915.6616636197473,89.82425573246414,36.54000000000049
709,250.01394453036232,61.08519069257322,927.5374511177906,94.45002610562021,22.4310849048797
710,241.8466586,62.1359999999992,922.489945155401,92.04040038750959,60.809999999999896
711,212.5211192,79.2079999999983,926.1990859232277,90.18784121253107,21.320000000001
712,231.4316416,86.39999999999979,922.398226691042,90.858412231204,45.720000000000105
713,203.91776277101468,77.1894177166766,927.6776587830217,93.36678114632605,20.1976626417014
714,217.59647260000008,65.80800000000062,927.876508226697,94.62703734609322,18.6
715,253.41089440000002,67.03000000000111,930.1356489945216,92.52136381003695,28.94
716,244.3825957981068,77.8531314783589,927.2460011591603,93.33488334863578,18.9637458152497
717,210.30404819999984,77.922000000002,922.8539305301764,91.67513601991207,48.020000000001104
718,209.7489358,65.60800000000239,925.8630712979902,91.48324791428058,20.0200000000002
719,218.63046580000002,64.6900000000046,930.4722120658156,91.69587986826595,32.3600000000004
720,217.35540999999992,99.9059999999999,920.281352833647,88.69794230900914,30.0200000000006
721,258.1904447999999,74.32199999999821,927.7604936014716,93.88624748756037,5.30000000000069
722,224.1772169114629,50.6111609306966,929.9487613229692,93.83906210205559,14.743683208833597
723,212.34878700000002,55.836000000000496,923.6187751371194,92.83444879882259,65.4100000000004
724,234.3801943752148,72.92035517127249,927.3553635667407,92.56237640751631,18.4342383171659
725,206.72244379999984,71.7360000000002,924.0270566727664,91.45169701293229,49.96000000000011
726,235.58072620000007,44.1340000000051,927.4961974405884,92.76681028240841,76.9400000000002
727,257.627607083796,66.8842062953205,927.5805815050657,94.04246812858216,10.0450299282109
728,239.59728763256317,82.8358371622309,924.4832517620011,91.81121063303812,17.8851953755498
729,242.5053728,82.5180000000042,922.6636197440655,92.97343515772171,33.2800000000004
730,264.4962426011066,58.9868798753694,930.564421312683,91.68129661625498,19.5260627741225
731,240.1115553211298,52.391846972941295,929.6520677603827,92.9537942285438,18.4181788694581
732,223.95276079999988,60.336000000000894,920.19104204754,88.45429759686806,62.0300000000005
733,215.92539059999984,51.568000000001,922.8801828153684,89.41182641404085,49.950000000001204
734,237.9122050770433,56.58358679007111,924.983292469917,90.89868471494101,22.637577660699396
735,233.44488759999973,66.3900000000006,920.2084643510136,87.84813680529925,56.050000000000495
736,228.8126654,48.56199999999829,917.2976051188381,89.91843336723326,81.5300000000001
737,,77.80469009108809,924.6318755641097,88.58493810011623,16.7924546273142
738,244.73843862236168,73.39881070605739,929.0987626744625,93.79974730534096,13.0689617635679
739,232.26593239999988,91.602,925.8550274223114,90.07393402869197,39.3600000000004
740,219.62384279999984,83.7419999999998,923.9741681901352,89.13396488689872,33.8600000000001
741,223.17288151950282,90.6766043902804,923.5978194769116,88.29138637863937,16.1630746174896
742,232.3396636,63.5019999999969,923.8824497257872,90.82899512337362,52.1900000000004
743,235.487126,50.102000000003,923.8615904936045,91.80239623303257,82.6100000000006
744,245.66195860000005,60.820000000001286,926.9007312614301,92.52929151968569,63.4800000000002
745,206.86078280000007,73.122000000005,923.2898720292565,91.51995555130208,46.49999999999989
746,216.27667799999998,75.9060000000007,931.3290127970807,93.61434439533184,18.0400000000003
747,235.23694,46.860000000004796,926.9281535649028,92.52497715851958,63.1400000000003
748,229.77792820000005,51.054000000004606,919.8872943327278,91.9147057385733,57.81000000000029
749,212.64371180000003,81.9879999999998,926.0164351005496,87.4331907905189,43.81
750,228.82348629451943,70.4358285397953,928.0149579385468,90.47830668339935,21.0383178908436
751,245.21207020000003,56.456000000001,931.3247166362024,93.1443148190228,27.6599999999999
752,207.050586420954,70.6875482260059,927.6329972784697,92.70323427373152,14.409086695906401
753,238.9924988,50.856000000001295,925.0929981718532,87.96875711214666,14.0600000000003
754,217.2032737126476,77.2189978583675,920.919337181497,89.52379617231163,23.64085765825829
755,251.58027312901703,77.3728360677936,928.1661457074524,94.1449986057725,20.045305486127802
756,243.10434579999992,63.3400000000048,928.2204204753219,93.0033591653783,36.2100000000004
757,248.39102540000005,78.0200000000051,921.8195612431504,90.25130034117352,42.74000000000029
758,219.75968140000003,68.1380000000007,926.2987020109747,90.36878949190918,20.2100000000003
759,229.08035419999987,77.8740000000002,921.3978427788004,89.6137172553793,45.5500000000004
760,238.41706326359142,76.9823710589138,926.8487907659047,88.06237258273941,16.9552596940389
761,251.98458508510384,62.42124025623961,931.5273844934512,94.0080870741392,13.2902652764577
762,223.68824759764908,87.63697419687429,924.4504974395047,91.12098115472472,19.1096019379288
763,222.75805919999996,63.5839999999992,926.4044058500994,90.37999581277737,29.240000000000702
764,233.15983019999996,67.47200000000521,921.1935466179193,92.06227941741224,42.95000000000029
765,232.84753680000003,56.130000000001495,930.7926873857434,94.78014762796343,62.76
766,221.97925279999995,55.385999999999505,924.9018281535741,92.37033272072857,85.73
767,208.90802199999973,77.2920000000023,922.2309689214012,90.46639546757528,56.9300000000012
768,236.4647566,57.06000000000071,930.4901096892198,93.26258901919012,42.2800000000004
769,217.6022333068396,78.4839731998324,927.8404193442453,91.08522275794724,21.3029419244226
770,259.28992400000004,63.4480000000005,928.0883912248688,92.13824153719406,58.26
771,255.32834307472748,63.1840318224901,927.8752655725694,93.16192533962942,18.625685233776604
772,236.89469133520592,77.7534353715065,922.633612050797,92.2553508853006,15.691538923273
773,221.11596960000008,76.59000000000471,922.7658135283424,90.34019170246565,31.7800000000002
774,224.3214168,73.2299999999993,929.8049542961701,93.15804850659124,13.21
775,221.7423128,58.1660000000035,926.1940950639888,90.92321304373013,28.8200000000004
776,213.84264381703042,69.52878596266021,927.9908981343292,92.4213215750394,14.4952428032803
777,230.74481319999992,88.5859999999996,923.6023765996414,90.53926088914149,20.769999999999897
778,221.18970079999974,70.77400000000259,923.41151736747,90.44798561370285,51.960000000001294
779,257.2990474,46.3379999999971,928.6706581352923,93.09186686907442,78.8200000000002
780,245.74893579999986,85.4879999999998,923.3297989031148,87.9967960762935,38.45
781,232.36203300000008,58.5600000000041,925.5389396709345,87.97995291580595,21.1500000000003
782,250.3552867108516,73.2093725646678,926.4705717730568,91.25566542460771,17.9312405540807
783,213.43988680000004,83.81400000000392,923.3572212065884,91.80292034682208,39.2100000000005
784,214.7779282,74.0140000000042,926.8663619744118,90.27790051882765,45.6200000000004
785,250.94363739999991,58.0380000000043,922.2755027422354,89.10224890342688,90.6600000000001
786,223.31067120000003,50.983999999996996,927.6946435100638,93.91382358859316,77.2800000000001
787,253.03738557613846,68.6674819362744,927.0653356550064,91.66985846359476,13.1263944787397
788,252.3452578269394,77.249717336319,925.1263668187587,88.709302629844,18.7938250025705
789,226.2623844541795,69.9060574184184,929.7550548671322,92.76633629096621,15.565991315802698
790,242.6528351999999,60.9459999999994,929.5312065813608,93.62957727092642,49.91
791,256.0783126740279,67.2505852210053,928.7878872699223,95.05048072119058,17.9614156284958
792,233.12259259999985,86.8859999999992,925.1394881170088,93.34736032847164,34.9599999999999
793,244.36689959999998,60.810000000004216,928.9686288848284,91.97546487403069,8.03000000000041
794,244.3170412847092,64.85844458200219,927.1653483803708,92.97599106563824,18.274518967858697
795,212.572481,73.78000000000071,928.5069104204813,94.42460462474148,24.3800000000003
796,216.22119359999996,55.6020000000047,925.6760511883036,93.60790221204662,59.2600000000004
797,225.44128816765857,44.7031160479697,928.0214146331133,92.56869735135322,22.9234570785254
798,236.086099,50.315999999999505,925.4243327239592,90.06274241291895,81.4
799,246.84091380000004,86.4360000000042,924.9534734917804,91.23108566958605,17.610000000000394
800,213.5716028,65.50200000000072,927.1926142596036,90.87912880953527,30.4200000000003
801,209.19882419999985,91.0079999999995,924.0817550274294,88.77668949318165,16.0499999999999
802,211.81854439999995,51.78600000000589,926.0308957952507,89.77606270305188,78.3400000000003
803,245.95316567444215,59.093129640299104,932.6451262948754,95.31926241900531,18.4536484193478
804,253.01074560000004,67.057999999997,927.489177330906,95.26932067013014,28.5100000000002
805,237.75555879999973,70.75800000000261,925.3583180987323,91.21873133395918,39.5700000000011
806,257.2385622,49.867999999998105,927.7174588665538,91.30341461342941,90.6700000000005
807,225.43576419999985,86.01199999999851,923.6765996343753,90.6768973213105,38.78999999999991
808,240.6105968,76.47000000000129,923.8957404021958,90.179562331059,37.42000000000021
809,219.21457059999992,70.27799999999989,924.7948811700293,91.48021145701857,26.3700000000012
810,226.87170466052143,78.2401692326797,927.6294679281076,95.12883770232769,21.8975919070938
811,207.4172913629725,59.75454852928579,929.0047207122244,93.9668399361738,24.0720776143922
812,226.84753680000009,83.5380000000048,922.8923034734967,90.77101202029651,35.679999999999794
813,210.151585,42.000000000001,924.4414442413222,91.592823755063,45.21999999999989
814,212.15408540000007,53.034000000005896,919.500585009146,89.44314846225498,62.8100000000002
815,247.90802200000007,75.2940000000046,922.2497257769704,92.32866710163508,25.9699999999999
816,241.2598740877568,57.1581691759519,928.7283091709168,90.77300704787956,23.068735153804802
817,232.06635343280232,69.3250128053338,927.6600366975572,94.20491332918002,20.4465623269055
818,221.8790296,64.0500000000014,928.8771480804428,92.12809006494284,36.1200000000001
819,245.11921400000008,61.216000000000896,929.0062888482704,93.41840588773168,15.51
820,260.9914395195618,69.320973292891,929.4706491922436,92.82055960746608,11.139596411583199
821,207.77380559999997,70.1340000000048,923.4045703839183,89.89028357485857,65.8700000000002
822,239.0901722505666,66.72080284002422,923.7440116032648,88.989766581303,11.384992038320801
823,234.56748019999995,70.5120000000035,923.6228519195672,92.5032834093112,52.6000000000004
824,233.348787,63.43200000000521,925.2319926873888,91.77698622996692,27.0600000000002
825,219.39681211385536,71.9458668828601,929.1008874404413,89.80260487512804,14.415574839572198
826,202.5053727999997,81.3600000000025,927.4002742230448,92.12959048837152,35.450000000001005
827,216.8026824164944,73.5320769560829,928.2960556928642,94.39317944163149,18.8490445068978
828,227.51611839999995,63.81000000000029,922.7085557586915,90.30398299672956,39.3900000000004
829,216.33716319999996,53.8920000000006,925.8376965265132,89.74595360129946,77.32
830,224.9845485717564,63.564495947701104,929.0011147278036,92.59204263841136,18.402223281647
831,227.58822740000002,84.2660000000047,924.2259780621604,89.18191983848352,48.800000000000495
832,234.4058936,62.47600000000421,926.4851188299857,92.81890424581907,79.4500000000001
833,246.39814239821143,79.3011367472616,923.2398927441162,92.46076111116699,23.682978409110397
834,259.71270272891684,60.4285550679229,929.2149677285717,93.96393698838637,12.833380626182802
835,251.12509300000008,80.34000000000451,926.7525411334624,91.89884328701383,30.8599999999998
836,206.67520459999997,59.1840000000031,931.7516819012835,93.81525366356938,44.0400000000005
837,215.54761119999992,50.61599999999889,925.5908226691142,92.02219542736215,80.9300000000007
838,212.98175319999996,79.04600000000391,926.2299634369348,91.52956142366259,23.280000000000506
839,227.88315219999998,81.98800000000409,925.0791042047592,89.7909149966749,26.1700000000004
840,218.5700073302253,,925.7220116316206,92.27298474673547,18.1543577612684
841,242.77380559999986,75.93199999999871,926.0573857404092,90.49637687571017,16.0300000000001
842,228.7985957882747,57.6458378227392,927.9136321042656,93.87224539498636,22.4600619540199
843,208.96947686691325,80.3495142851968,926.9943258070732,92.29847601325254,22.8412123185688
844,206.921268,79.2359999999986,929.1148080438836,92.13737110623751,45.82000000000061
845,238.04304912088367,70.65897256510101,929.3373213423503,93.7258641393782,19.4087366741663
846,209.17395439999999,47.0219999999988,924.1830895795348,90.09145989356408,73.70000000000091
847,213.9345139999997,62.01600000000239,923.7422303473613,90.6802081190328,38.3600000000011
848,,40.562000000001,923.0013711151796,89.32309334520941,90.7800000000001
849,211.77807180425918,73.4735919261709,928.7402911833952,92.3074181637877,18.878969876682998
850,236.42570041318103,60.0736449901738,928.7558391855556,92.24435431058849,23.9017394059683
851,220.42544026607047,79.36562384160979,929.3992665347504,95.012392083913,20.5454972167953
852,210.57248099999973,77.4000000000021,927.5079341864838,92.88152977247756,85.96000000000109
853,211.25680899999983,74.1839999999999,925.0970749543021,92.39708732611365,43.62
854,209.4490102,55.970000000001,927.9062157221256,94.0467566131992,17.15
855,261.0310174686221,53.35500802721721,928.853433983406,92.56121680155441,14.2738859145804
856,229.5111176,41.524000000001,927.3744972577756,92.10463058935268,79.3800000000003
857,222.2392685482742,75.59301339262649,924.0919466991479,86.7323079931068,16.2405048730774
858,227.2816788,54.941999999997705,927.1727787934276,91.46176761228813,67.5800000000005
859,222.48913382206115,71.3953422564775,928.5195372166099,91.6427069898627,15.2534449723983
860,233.64280278958344,76.83131615280291,925.7567926806648,90.70355041535014,20.028777072146198
861,221.3269494121925,,926.9356094978059,88.34935160045647,13.4385182805339
862,216.35281193358617,77.22148688978909,926.0542975063547,91.57348357941076,16.8717703887516
863,248.8495483458897,79.70030203530959,925.3359555425033,89.55253724581928,19.0637971724843
864,219.4448876,57.093999999999,930.7176234003737,93.62071254553156,44.709999999999894
865,252.75880319999996,51.4140000000004,928.6167641681993,91.02303761012527,14.38
866,250.47321834403908,73.0851734395794,933.088713297228,94.74066206612734,17.9595697808312
867,234.87152839999985,80.7380000000024,922.4150457038533,91.08549384980208,48.49000000000101
868,230.14496200000008,73.7800000000041,931.7041864716656,90.32319091688365,15.940000000000401
869,244.02649200000005,47.1040000000041,,,90.2600000000005
870,251.4622562,49.56200000000021,924.3724680073236,91.07198516394176,70.1800000000011
871,230.66195859999988,73.2960000000004,925.5716087751453,88.73835952617802,54.620000000000495
872,236.76718259999998,90.2040000000046,926.1707495429686,90.43401042496643,29.3600000000003
873,243.4830034,82.2140000000044,924.6698903107913,93.64153204126288,33.3100000000003
874,223.9751301999998,61.82800000000221,919.2590310786237,89.21717267270846,54.06000000000101
875,225.7047461102776,70.2441497729443,926.123234081512,93.43749797993344,10.376057996120199
876,214.48962639999985,80.448000000002,926.4673126142708,89.57853832262555,35.780000000000896
877,239.5893699547728,91.1361830462385,924.0456286016162,90.45709690237885,14.9610736182742
878,259.3440110941853,68.46657459067279,933.3032553420186,93.42774836194036,13.770740864613199
879,226.8607828,52.038000000003606,924.4347349177353,91.92020343647951,72.5900000000005
880,247.66195860000002,45.6379999999988,919.6438756855664,90.42998261601777,82.0299999999999
881,213.20294680000003,54.6120000000043,923.3430164533853,91.44511675367724,60.0400000000002
882,249.39146099402438,62.2730147393415,931.9227162082556,91.68943633225383,17.2393159099152
883,238.06460780000003,68.3820000000048,926.6712979890359,91.2355990012246,57.27000000000049
884,245.56998059999984,69.95399999999951,926.9204387568635,92.84762218161394,17.4099999999999
885,206.86740580000003,71.0640000000023,927.4795795246813,92.04285575310232,25.1400000000003
886,208.18557820000004,72.4220000000046,926.7987202925084,89.24761078528385,17.5600000000003
887,245.27005499999999,54.321999999999285,921.1078610603372,89.17988832856605,77.89000000000071
888,224.13996119999985,63.4919999999992,923.9370018281604,90.57727311108029,10.7800000000001
889,234.37134049623347,63.077817659984504,928.9172669984728,94.43864878163357,8.16622919084387
890,251.73568979999985,82.7519999999982,922.0652833638104,89.59340626182453,24.2900000000001
891,214.88565260000004,78.0299999999969,928.4244241316361,92.73226885820698,10.370000000000301
892,247.2659323999999,72.00800000000399,924.4135648994555,90.09018851119772,51.1400000000002
893,221.32465354876229,76.0146569947839,929.0256161002593,92.39588721869472,19.3066643068887
894,251.41188754048386,81.66103182500291,923.2766992752656,90.94765261044887,18.9468429173985
895,222.6588103748864,66.9511124417707,927.416139770932,91.19196195893852,17.7666462362278
896,248.8160440000001,67.776000000005,923.1501279707547,90.246859756095,45.19
897,255.44650980000003,65.9940000000033,925.0292687385761,90.91097639429285,45.980000000000494
898,232.91201449785785,61.8118017205717,930.8585499842676,92.67584737970668,18.1833640550657
899,211.68432799999974,63.286000000002296,924.2975502742353,86.78615147604462,55.5600000000012
900,248.1227900396095,63.249617431507595,929.9537245542945,90.78402741651408,15.0818595139617
901,230.2563508105529,78.4035419684017,922.856893346028,90.7220826510682,23.920372352094496
902,217.06062533901002,71.2812226224231,928.5854031405106,91.33763764968292,13.752955865326099
903,263.2648777006653,63.2310392166469,931.648737316783,93.39898269536512,10.6581688095713
904,269.54954945541243,53.96480351798571,928.9621555968716,95.2423876765526,15.3408144268819
905,213.43988680000004,46.5920000000051,925.372394881172,91.09887497322279,88.73000000000009
906,236.74210607217842,59.0947662509894,933.5600711172524,92.24903197429528,17.3637455543366
907,236.40677179999992,91.44000000000358,926.8906764168248,90.02202023338178,12.5200000000005
908,204.5186188,42.2800000000008,926.8998171846497,91.48941612096701,44.8199999999998
909,250.86257113941073,75.8311416163771,926.630532667464,89.18524604479883,18.9507508487367
910,205.0132459999998,76.2019999999985,925.6480987202983,90.70137763858952,49.75
911,237.3264176,52.1900000000051,925.5072394881212,88.28117707019426,66.5700000000004
912,235.7985412,74.4840000000008,928.2363802559526,93.1274477537028,9.500000000001199
913,248.3330406,73.5479999999983,929.5155210237759,91.3358189802647,17.790000000000997
914,252.809421,49.2380000000036,929.6546617915936,95.9791254852534,86.9100000000004
915,253.52848619999992,70.35999999999821,933.6538025594244,92.8756205410683,12.280000000000598
916,244.96930905822467,84.229373262683,927.2185096604654,91.46710904538662,23.035975912553898
917,243.1461696490617,53.41195136479529,929.149654674472,94.60239878231216,13.983594570829199
918,244.99249879999974,60.0460000000025,923.4612248629007,91.0667338778704,47.93000000000111
919,224.5567346,73.99600000000409,927.07036563072,92.4445574052948,43.9200000000004
920,235.25944304017608,74.8600579930892,928.8333692778664,92.70353759643349,12.3924251385559
921,225.25620666165747,73.81576331696702,929.247060803249,92.42242116663412,13.193654547523199
922,258.36777779999994,50.42399999999871,922.1977879341944,91.43547489498584,78.72000000000071
923,231.789552,67.868000000004,927.116928702018,91.15868745088169,57.550000000000495
924,210.6569578,65.1119999999989,930.6160694698443,94.70526108578194,11.680000000000101
925,238.06460779999992,79.66600000000341,924.525210237666,91.59432776268959,37.8000000000005
926,229.81563061658767,69.9531102055907,928.7645185155257,91.75256259803957,7.9464084904604615
927,232.26593239999974,69.1180000000022,928.203491773321,90.44273157871858,50.930000000001
928,214.13583859999986,74.0880000000016,923.9826325411464,91.01995207291056,45.8500000000012
929,238.80191980000006,52.8180000000051,929.1417733089619,93.43622499790743,13.650000000000201
930,226.23693999999983,88.45999999999952,923.3309140767883,91.07891841004208,22.27999999999989
931,234.14746240000008,74.76000000000441,926.3200548446124,89.2200692978157,41.2499999999999
932,254.8607828,41.0400000000044,921.4191956124344,90.35423602892088,72.3100000000002
933,246.70007439999983,78.73800000000041,927.9283363802632,94.33382315850572,24.0100000000004
934,225.67270419999974,62.6020000000023,923.5474771480934,90.18359317984705,44.950000000001104
935,215.38440240000003,72.0780000000011,931.4466179159089,95.49391963753277,19.230000000000103
936,211.49624939999973,66.15000000000231,923.6857586837416,91.10375349563505,56.370000000001106
937,249.5658630743916,82.0231202575935,929.197253833575,93.9148361637401,7.36258109805345
938,230.39691492453358,72.80559524322841,928.0651735593964,92.472016617147,22.0438965807505
939,229.6105968,78.8639999999997,925.583180987204,91.0244095861376,42.980000000000096
940,216.18307780000006,63.80800000000399,927.3823217550287,91.73420863383932,22.2600000000004
941,228.5458547999998,66.9839999999991,929.0114625228598,92.92205722682651,7.5200000000001
942,248.01407027965985,64.4855222773864,929.6033605810544,89.62350693386804,16.360711571188702
943,248.7729274,63.869999999998505,920.2997440585087,87.46211573720974,44.590000000000714
944,213.35290959999992,55.2940000000004,928.8088848263344,90.49024715386645,53.1400000000005
945,229.0803542,75.4280000000039,928.3380255941568,92.13940230365105,52.1200000000004
946,245.2768455261086,71.1943223203919,931.6990397759996,94.06689353919624,12.155405644400101
947,231.5119958,50.6959999999971,931.056307129808,93.8753225151498,78.84000000000009
948,221.68432799999985,74.4200000000017,924.0554478976364,90.69797768814163,36.5800000000012
949,207.2369400000001,71.65800000000509,923.4745886654532,89.4204584825165,48.1200000000002
950,214.12588054543843,71.25382288107109,929.6551274800393,93.29505833232086,20.511595965576
951,220.30421364621017,72.7458300361858,929.5371945844048,95.12526408560751,13.257297533208
952,232.04886140000005,71.1060000000043,930.8820109689244,96.5725729365778,22.8500000000004
953,205.27917840000006,76.4540000000051,922.7111517367508,91.2237620662664,51.9000000000003
954,249.86328319999998,65.33000000000081,933.0102925045757,91.60724038025756,56.68
955,240.6886151661953,68.734424495423,927.6236630700597,89.77103241395712,18.736814411756498
956,245.63958919999985,84.36399999999959,926.7385740402265,92.59378938167544,32.63
957,214.28830180000003,70.26999999999829,931.8677148080541,93.70626720727935,12.0500000000001
958,255.11978784192192,65.7794083305883,931.6296444225734,95.73658667082638,10.312244207228401
959,238.90802200000002,88.02000000000109,924.9059963436947,90.56263552183356,17.4500000000001
960,244.8572887024845,63.5830253372127,927.7847276237272,89.98437132339798,21.2955240248064
961,211.13137124506056,57.800330181934214,928.8799555139716,93.44866823367323,17.2588052610099
962,204.6940861040244,75.9020192756752,927.8842150135984,91.05377817465937,21.0272451118469
963,232.66195859999988,62.917999999999,933.472559415,94.89026567724459,12.73
964,214.84753679999986,69.0460000000007,923.7817001828232,88.69410682598905,48.900000000000404
965,244.0091683787681,82.7833354681888,926.5558523251867,90.12754426902931,16.476411624159994
966,227.59485040000007,63.3240000000039,931.4299817184664,92.27773215791031,15.5200000000003
967,240.4426294541489,70.6197252101688,926.9478525903537,90.95091129900862,21.1690502597956
968,252.362033,74.0160000000047,925.1682632541192,92.08070823311368,63.5000000000002
969,228.9566484243597,68.57096157046,929.6813142605788,92.00432794107859,14.4695864866352
970,234.37527899999992,78.07399999999829,925.8565447897704,91.70073386551714,9.13000000000067
971,203.90139899999974,74.81400000000221,928.5756855575992,90.1546072194519,35.580000000001
972,230.79479395289783,62.671663851367995,931.4568911747414,92.93993302359495,19.722340232475702
973,267.0139899999999,59.5799999999995,931.0139670932438,95.26315639532517,17.7500000000007
974,227.7580592,67.0299999999984,929.5131078610692,90.69432874420768,24.350000000000602
975,236.24356299999985,72.2060000000005,924.5122486288928,91.59333171316412,46.660000000000295
976,215.72818859999998,47.6360000000014,925.9213893967163,91.61146632321108,89.92999999999991
977,244.8141302855495,78.70823367429159,928.2185156056587,88.95085625384114,23.118182210699306
978,231.1159696,79.846000000004,926.5796709323644,91.65252948124224,28.1200000000004
979,213.77104403902385,66.81579150716429,929.6643436134976,94.02277698856855,23.069423883752
980,207.75102825746242,77.6640484818439,929.0497554499052,92.76143978106413,16.782099635810198
981,210.23031699999999,64.46400000000149,927.9670932358338,89.07460144596037,34.91
982,232.98429995055855,72.0281820407631,931.2790081715542,94.08812097659452,15.226907724955199
983,229.42001780000007,66.9960000000006,930.4853747714876,92.15489688379202,12.7499999999999
984,208.33966360000005,39.5880000000051,930.8545155393083,92.16384441716205,63.9700000000002
985,236.7265664,82.53000000000071,928.7036563071416,91.84595252676307,8.03000000000118
986,230.76468219999984,53.8179999999981,925.0527970749623,88.0379079853202,65.86
987,257.7140644,66.5160000000033,935.541937842782,93.29004857964097,12.730000000000599
988,224.30154779999992,85.4540000000012,925.1310786106053,90.3771905264386,13.4800000000001
989,241.4628783722736,58.421801552739716,927.3402808922336,91.05001391008068,14.1567327370431
990,229.99714510250718,75.8910007040063,929.8520859947923,93.4527538055815,9.57232966278912
991,207.9644599206816,73.2349850446951,928.7795089169998,90.85419583963305,15.6725927304833
992,244.2816788,75.5160000000047,922.7076416819062,91.72292023758546,53.170000000000286
993,247.56424470753362,69.7349580977088,930.7226219341086,95.07086855189924,22.061329472591897
994,226.95026040000008,77.1360000000044,926.8159232175564,90.2132764016821,46.0799999999998
995,233.8699062,79.7560000000001,926.4450639853748,91.55163229045624,27.3300000000001
996,222.83179039999985,75.11400000000229,929.1242047532112,90.14251970121587,42.530000000001
997,228.07034550749347,63.406687434908285,930.9758523617172,91.91748788583796,23.78131326730989
998,211.32641760000007,73.2400000000046,923.2624862888541,88.58218865208929,41.3799999999998
999,227.57248099999973,81.32200000000259,925.9916270566838,90.686464905841,39.4300000000012
1000,236.68853241544258,80.0640987578807,928.4510778549624,91.84007789854392,23.5246253292724
1001,263.02247012374994,62.8194529132862,931.5052677567309,94.41100727423056,16.499316605939
1002,209.5766036,44.6820000000008,928.8690493601532,91.33935305747248,60.980000000000295
1003,254.48050299999997,60.2720000000004,927.8281901279788,91.06615172291687,43.9900000000004
1004,226.51634707915343,72.5744286102091,932.6986270534852,92.66087030579209,15.6729788815858
1005,253.1623306,74.8160000000023,928.6464716636208,87.99637826173216,16.4300000000003
1006,235.3990740640749,84.3349195090728,924.8397515237473,88.83265897999027,22.354165880043602
1007,215.06626499314885,74.22044332563429,929.6009702316118,92.95962525942842,21.054719519289
1008,214.2725554,60.33600000000001,925.8738939670944,87.23574976116606,49.0899999999999
1009,239.0744752,51.82200000000101,919.6730347349196,92.55236980142998,91.6400000000003
1010,236.43826459999988,63.493999999999104,932.2521755027502,93.28393249112317,23.03
1011,237.24106260000005,57.274000000004605,926.08131627057,92.5233686683588,31.6200000000002
1012,237.37796194106392,64.1479328234054,933.2038438908384,93.83137992806124,13.4324397910026
1013,243.96762900000007,67.67800000000521,922.9095978062218,88.03542912889442,62.940000000000104
1014,254.12921560000004,68.8139999999967,929.0287385740493,89.21181451841011,62.4900000000004
1015,209.579104,82.1779999999995,928.6778793418648,91.21467930730302,48.77
1016,228.6625895007124,63.7270702776561,931.9798777134694,95.67554516824801,20.4400360592855
1017,248.61796380000004,71.3059999999985,934.0861608775232,92.54260597229765,9.32000000000011
1018,211.3197946,66.1840000000022,929.2753016453412,89.98432291778983,44.2400000000004
1019,226.7722945889172,70.78916785003808,931.5877068955386,95.392750316996,7.302180510020009
1020,239.34216400000003,77.4440000000022,928.0235831809892,92.82322697098681,15.130000000000301
1021,246.36309253036967,65.4497223976914,928.5755369762358,90.3940809481103,21.5984326954453
1022,247.5633576,52.874000000004386,928.1418647166392,89.98841997431343,48.9100000000002
1023,226.460634,62.972000000004606,924.5510054844646,90.33110271022764,46.69000000000021
1024,221.7949038472364,76.62894881660391,928.8777428358012,89.37807039190788,12.036096273472301
1025,244.41089439999988,61.4059999999991,928.7692870201176,89.36390448285195,11.8
1026,238.4763803999998,81.38399999999841,925.9184277879422,87.70128337085346,17.51
1027,256.9874979999999,50.1280000000051,925.5475685557626,91.2148404250698,76.7200000000003
1028,218.84753679999974,60.13799999999821,921.3967093235913,91.63259097938236,51.1400000000005
1029,247.84753680000009,60.398000000004,934.7158500914087,94.30744615456442,43.960000000000285
1030,212.08676557164227,72.77352414977909,929.174608879836,88.597282484693,16.187143187319
1031,219.26233703477908,,932.093326711684,95.44345112247835,19.64184076001861
1032,257.8715284,67.677999999998,929.2732723948883,90.48842716589084,13.91
1033,228.9487820079281,87.29200269373241,928.7799677408988,90.0095937496454,21.076824079098998
1034,217.02399159999973,76.6160000000025,926.8315539305412,89.60347973492641,39.9600000000012
1035,253.16483099999985,81.5759999999987,929.1306946983626,90.79669493408458,50.64999999999989
1036,233.35267606242888,62.5821552516078,928.1892500132884,90.6499665469412,21.400062808778106
1037,240.26840356874308,60.0893501351963,933.2135913752865,92.32790146394554,13.401712016619301
1038,234.71396704557412,75.19603742252409,929.9737257025492,92.4421673886662,17.814021751793994
1039,253.33250469599082,70.0567228059534,927.2829970032897,92.53586626144974,13.317460041507196
1040,225.109225387454,62.234519340991106,932.646868161618,94.28502606204887,16.1812108717889
1041,203.467257,75.119999999998,927.1155393053097,90.67339943985675,46.18
1042,227.7870516,65.48200000000551,922.9346800731292,89.5964099781312,54.8200000000004
1043,236.95688339999992,58.2740000000036,926.6238208409557,88.95862619713475,66.2600000000001
1044,269.19571292431567,63.6016398114118,932.6507297022082,91.13982683772556,14.383760894897499
1045,223.61721980000007,70.19800000000559,925.4821023766037,91.32183168704456,55.5200000000001
1046,208.82516740000008,74.70600000000441,927.64124314443,89.1567307037489,46.0799999999998
1047,224.8541598,54.29600000000529,926.5703839122516,89.39467403759926,57.4000000000002
1048,245.1027236,64.3660000000045,924.1795246800804,87.36338313174221,58.2500000000002
1049,212.1607084000001,72.3120000000042,927.5886654479036,90.18890416635037,40.9899999999999
1050,222.7199434,86.6699999999999,927.1878062157233,91.96864729652849,22.87
1051,218.1845524667145,75.63345647876709,933.228672943006,94.68506272497692,15.851900835327498
1052,248.78090553828892,64.7912793255886,931.1859336556861,91.32250833462584,17.420263527583
1053,205.2347104257241,81.51791003150491,925.8436297455728,89.50518496440272,10.7493890470334
1054,213.82181613703327,81.9889222420939,930.1433093206883,92.37883551175648,13.574992054065401
1055,252.64500758862167,64.96645400661299,929.7242871220034,94.88834699540054,19.9765781016689
1056,214.00162220000007,75.8240000000048,928.252650822675,92.11211499810094,51.10000000000011
1057,222.0107456,65.98600000000461,925.5717915904976,87.72005634679802,53.3300000000004
1058,208.2974252,77.8399999999986,926.680932358326,92.39734597214596,47.770000000000714
1059,246.75968140000003,63.0900000000021,930.4200731261467,93.77370647139854,52.38
1060,257.88727479999983,80.332000000002,922.5892138939801,89.46530418912208,59.280000000001
1061,215.31059535319682,67.14800225888989,930.5987891715916,92.92532936628666,19.9296295383893
1062,244.05298399999973,79.2260000000024,924.26749542963,89.97571403946533,33.880000000001104
1063,210.69286236120792,67.79000090139179,927.0168212780176,91.17783548785064,20.966267453778396
1064,243.98175319999984,83.73599999999941,923.575776965271,93.12427866749736,33.1899999999999
1065,211.48050299999974,70.5840000000023,925.3349177331024,91.57539796228727,39.370000000001
1066,245.8613149069134,77.72673151484109,929.3089273405008,92.97773763231363,17.3318233473278
1067,210.73568979999985,67.9940000000003,927.4431992687475,93.0131358459406,52.0700000000005
1068,216.08697719999984,70.86399999999998,930.09234003657,93.98091724054676,62.620000000000296
1069,243.72244379999992,86.2200000000001,928.0314808043956,87.20808222057335,56.93000000000061
1070,220.15408540000004,48.346000000000295,921.38062157222,88.588279787816,62.490000000000286
1071,238.61721980000004,74.249999999999,928.9897623400486,89.7802282510132,41.8500000000011
1072,246.8566602,76.5960000000034,932.8989031078644,91.98557388735851,19.8100000000006
1073,235.83841339999995,87.650000000004,927.7280438756917,92.69743310250846,27.4500000000004
1074,214.4713795999997,68.9380000000025,923.6871846435221,89.05801687473131,53.3800000000012
1075,254.9492056880415,66.9893607901515,932.6844355285837,91.56697821965234,15.511157010557802
1076,229.12009220000007,53.9180000000008,935.3854661791652,95.64971099198057,23.72
1077,219.9660068000001,74.2920000000047,929.9746069469894,95.5225112992702,38.1200000000002
1078,252.80357756679908,71.3703068965938,933.871603974339,93.65167419835049,9.373012853824099
1079,246.55011159999992,67.2640000000041,927.0628884826384,89.24192568080278,65.5900000000002
1080,235.1607083999998,83.7720000000021,926.1320292504699,89.54744382118449,20.4000000000011
1081,240.0678599119023,73.88433805763411,930.7380829572163,93.68568032974713,12.696232584609804
1082,212.5343651999999,51.1079999999984,926.0203107861148,89.9169063917929,53.8600000000007
1083,243.86078279999992,51.308000000002096,926.2194515539343,91.08230279975321,62.4
1084,216.25930939999992,81.2400000000001,927.038592321763,89.09231842624249,34.6900000000006
1085,252.6528352,49.3540000000054,924.7577330895829,92.03684560054852,88.1600000000004
1086,224.0422384,54.646000000000896,931.1868738574092,93.41464006046007,81.89
1087,228.43988679999995,68.6499999999985,923.9360146252363,89.38872054596219,47.3400000000006
1088,238.0579848,74.87000000000029,922.84515539306,89.8469999448111,55.4900000000005
1089,251.0687304,58.0400000000005,924.9542961608856,88.32165059130493,69.6700000000005
1090,209.21207019999997,64.10400000000071,928.863436928707,90.30726641127414,38.1800000000001
1091,239.37115640000002,53.567999999999294,928.6825776965356,89.32444385063421,73.34000000000059
1092,209.8922756000001,72.0960000000055,926.581718464356,91.44447012384735,52.3100000000002
1093,246.76468220000004,61.4060000000054,922.5908592321814,88.96721906456553,58.28000000000011
1094,236.45151059999995,78.7020000000024,931.530000000004,93.86804103885595,15.1
